video,frame_index,lh0_x,lh1_x,lh2_x,lh3_x,lh4_x,lh5_x,lh6_x,lh7_x,lh8_x,lh9_x,lh10_x,lh11_x,lh12_x,lh13_x,lh14_x,lh15_x,lh16_x,lh17_x,lh18_x,lh19_x,lh20_x,rh0_x,rh1_x,rh2_x,rh3_x,rh4_x,rh5_x,rh6_x,rh7_x,rh8_x,rh9_x,rh10_x,rh11_x,rh12_x,rh13_x,rh14_x,rh15_x,rh16_x,rh17_x,rh18_x,rh19_x,rh20_x,lh0_y,lh1_y,lh2_y,lh3_y,lh4_y,lh5_y,lh6_y,lh7_y,lh8_y,lh9_y,lh10_y,lh11_y,lh12_y,lh13_y,lh14_y,lh15_y,lh16_y,lh17_y,lh18_y,lh19_y,lh20_y,rh0_y,rh1_y,rh2_y,rh3_y,rh4_y,rh5_y,rh6_y,rh7_y,rh8_y,rh9_y,rh10_y,rh11_y,rh12_y,rh13_y,rh14_y,rh15_y,rh16_y,rh17_y,rh18_y,rh19_y,rh20_y
1100062054.avi,84,506.71490478515625,522.33349609375,538.069580078125,545.4889526367188,546.9011840820312,548.229248046875,550.132568359375,541.668701171875,538.35009765625,540.5521240234375,540.7684936523438,533.594482421875,531.7926635742188,530.7894287109375,531.8440551757812,525.5667114257812,524.0982666015625,520.3713989257812,522.453369140625,517.0743408203125,514.2763671875,nan,nan,nan,nan,nan,nan,nan,nan,nan,nan,nan,nan,nan,nan,nan,nan,nan,nan,nan,nan,nan,184.67120361328125,178.07492065429688,166.07598876953125,151.43145751953125,140.0389862060547,177.50177001953125,147.11329650878906,147.7713623046875,154.8007049560547,178.2565155029297,148.031982421875,149.48471069335938,156.09042358398438,175.91236877441406,147.9125518798828,149.6001739501953,156.4601593017578,171.3750762939453,148.6392364501953,150.2957305908203,156.60537719726562,nan,nan,nan,nan,nan,nan,nan,nan,nan,nan,nan,nan,nan,nan,nan,nan,nan,nan,nan,nan,nan
