video,frame_index,lh0_x,lh1_x,lh2_x,lh3_x,lh4_x,lh5_x,lh6_x,lh7_x,lh8_x,lh9_x,lh10_x,lh11_x,lh12_x,lh13_x,lh14_x,lh15_x,lh16_x,lh17_x,lh18_x,lh19_x,lh20_x,rh0_x,rh1_x,rh2_x,rh3_x,rh4_x,rh5_x,rh6_x,rh7_x,rh8_x,rh9_x,rh10_x,rh11_x,rh12_x,rh13_x,rh14_x,rh15_x,rh16_x,rh17_x,rh18_x,rh19_x,rh20_x,lh0_y,lh1_y,lh2_y,lh3_y,lh4_y,lh5_y,lh6_y,lh7_y,lh8_y,lh9_y,lh10_y,lh11_y,lh12_y,lh13_y,lh14_y,lh15_y,lh16_y,lh17_y,lh18_y,lh19_y,lh20_y,rh0_y,rh1_y,rh2_y,rh3_y,rh4_y,rh5_y,rh6_y,rh7_y,rh8_y,rh9_y,rh10_y,rh11_y,rh12_y,rh13_y,rh14_y,rh15_y,rh16_y,rh17_y,rh18_y,rh19_y,rh20_y
2100571048.avi,22,nan,nan,nan,nan,nan,nan,nan,nan,nan,nan,nan,nan,nan,nan,nan,nan,nan,nan,nan,nan,nan,427.1156311035156,425.9106140136719,427.837890625,431.6355895996094,435.1883544921875,435.40350341796875,447.343017578125,450.9335021972656,452.2403564453125,440.69140625,453.40081787109375,454.614501953125,453.0831604003906,444.95306396484375,456.9058532714844,457.625244140625,455.8231201171875,448.0212097167969,457.92987060546875,459.41412353515625,458.34527587890625,nan,nan,nan,nan,nan,nan,nan,nan,nan,nan,nan,nan,nan,nan,nan,nan,nan,nan,nan,nan,nan,237.0340576171875,224.44683837890625,213.6541748046875,206.1602325439453,201.77279663085938,213.35202026367188,205.1296844482422,202.02781677246094,200.9337158203125,218.57789611816406,209.80474853515625,207.51724243164062,207.80133056640625,223.69268798828125,215.20059204101562,212.7818603515625,212.8748321533203,228.51828002929688,222.206298828125,219.14268493652344,218.15025329589844
2100571048.avi,46,nan,nan,nan,nan,nan,nan,nan,nan,nan,nan,nan,nan,nan,nan,nan,nan,nan,nan,nan,nan,nan,545.6678466796875,555.0226440429688,568.4879150390625,579.7373046875,588.1365966796875,570.8681640625,588.233154296875,597.2474365234375,603.0331420898438,569.7160034179688,589.639404296875,595.2425537109375,596.3399658203125,568.3397827148438,587.5679931640625,589.8603515625,587.9119873046875,567.0057373046875,582.712158203125,584.772705078125,582.963134765625,nan,nan,nan,nan,nan,nan,nan,nan,nan,nan,nan,nan,nan,nan,nan,nan,nan,nan,nan,nan,nan,283.01123046875,272.09564208984375,265.690185546875,264.20916748046875,263.1466064453125,271.4786376953125,274.4953308105469,275.7978515625,276.7942199707031,281.1803283691406,283.44976806640625,282.51617431640625,281.69183349609375,290.31048583984375,292.6160583496094,290.656982421875,289.1139221191406,298.412109375,300.7813415527344,299.0239562988281,297.5692138671875
