video,frame_index,lh0_x,lh1_x,lh2_x,lh3_x,lh4_x,lh5_x,lh6_x,lh7_x,lh8_x,lh9_x,lh10_x,lh11_x,lh12_x,lh13_x,lh14_x,lh15_x,lh16_x,lh17_x,lh18_x,lh19_x,lh20_x,rh0_x,rh1_x,rh2_x,rh3_x,rh4_x,rh5_x,rh6_x,rh7_x,rh8_x,rh9_x,rh10_x,rh11_x,rh12_x,rh13_x,rh14_x,rh15_x,rh16_x,rh17_x,rh18_x,rh19_x,rh20_x,lh0_y,lh1_y,lh2_y,lh3_y,lh4_y,lh5_y,lh6_y,lh7_y,lh8_y,lh9_y,lh10_y,lh11_y,lh12_y,lh13_y,lh14_y,lh15_y,lh16_y,lh17_y,lh18_y,lh19_y,lh20_y,rh0_y,rh1_y,rh2_y,rh3_y,rh4_y,rh5_y,rh6_y,rh7_y,rh8_y,rh9_y,rh10_y,rh11_y,rh12_y,rh13_y,rh14_y,rh15_y,rh16_y,rh17_y,rh18_y,rh19_y,rh20_y
4000182064.avi,278,322.60174560546875,316.11474609375,308.2950134277344,302.5335998535156,298.8037109375,306.5807189941406,299.9324645996094,294.55694580078125,290.10614013671875,309.40045166015625,304.3537292480469,299.8666076660156,295.56658935546875,311.7317810058594,308.2391052246094,303.9342956542969,299.8461608886719,313.63262939453125,310.8931884765625,307.96539306640625,305.0826416015625,nan,nan,nan,nan,nan,nan,nan,nan,nan,nan,nan,nan,nan,nan,nan,nan,nan,nan,nan,nan,nan,325.056396484375,327.1366271972656,325.2236022949219,323.6224670410156,320.8497009277344,302.3326416015625,291.34130859375,283.2236328125,276.950439453125,297.8682861328125,285.42913818359375,277.10595703125,270.10931396484375,294.65234375,283.91046142578125,275.62200927734375,268.12432861328125,292.8629150390625,283.30963134765625,276.2214660644531,270.0464782714844,nan,nan,nan,nan,nan,nan,nan,nan,nan,nan,nan,nan,nan,nan,nan,nan,nan,nan,nan,nan,nan
