video,frame_index,lh0_x,lh1_x,lh2_x,lh3_x,lh4_x,lh5_x,lh6_x,lh7_x,lh8_x,lh9_x,lh10_x,lh11_x,lh12_x,lh13_x,lh14_x,lh15_x,lh16_x,lh17_x,lh18_x,lh19_x,lh20_x,rh0_x,rh1_x,rh2_x,rh3_x,rh4_x,rh5_x,rh6_x,rh7_x,rh8_x,rh9_x,rh10_x,rh11_x,rh12_x,rh13_x,rh14_x,rh15_x,rh16_x,rh17_x,rh18_x,rh19_x,rh20_x,lh0_y,lh1_y,lh2_y,lh3_y,lh4_y,lh5_y,lh6_y,lh7_y,lh8_y,lh9_y,lh10_y,lh11_y,lh12_y,lh13_y,lh14_y,lh15_y,lh16_y,lh17_y,lh18_y,lh19_y,lh20_y,rh0_y,rh1_y,rh2_y,rh3_y,rh4_y,rh5_y,rh6_y,rh7_y,rh8_y,rh9_y,rh10_y,rh11_y,rh12_y,rh13_y,rh14_y,rh15_y,rh16_y,rh17_y,rh18_y,rh19_y,rh20_y
1100011026.avi,208,270.0892333984375,282.5667724609375,295.82623291015625,304.96270751953125,310.5164794921875,313.2320556640625,324.01922607421875,325.1007385253906,323.658935546875,313.6292724609375,324.29229736328125,324.3973388671875,322.5328063964844,311.47967529296875,321.6574401855469,323.04669189453125,322.6388854980469,307.13934326171875,315.0001525878906,317.03900146484375,317.2748107910156,nan,nan,nan,nan,nan,nan,nan,nan,nan,nan,nan,nan,nan,nan,nan,nan,nan,nan,nan,nan,nan,434.8648681640625,425.7193908691406,416.23809814453125,406.62493896484375,398.2614440917969,421.7366943359375,404.6807556152344,392.34429931640625,384.0987548828125,418.01385498046875,400.37176513671875,388.9653015136719,380.697509765625,413.2499694824219,396.8428955078125,385.5111999511719,377.4434814453125,407.05926513671875,393.3984680175781,385.36517333984375,379.7834777832031,nan,nan,nan,nan,nan,nan,nan,nan,nan,nan,nan,nan,nan,nan,nan,nan,nan,nan,nan,nan,nan
