video,frame_index,lh0_x,lh1_x,lh2_x,lh3_x,lh4_x,lh5_x,lh6_x,lh7_x,lh8_x,lh9_x,lh10_x,lh11_x,lh12_x,lh13_x,lh14_x,lh15_x,lh16_x,lh17_x,lh18_x,lh19_x,lh20_x,rh0_x,rh1_x,rh2_x,rh3_x,rh4_x,rh5_x,rh6_x,rh7_x,rh8_x,rh9_x,rh10_x,rh11_x,rh12_x,rh13_x,rh14_x,rh15_x,rh16_x,rh17_x,rh18_x,rh19_x,rh20_x,lh0_y,lh1_y,lh2_y,lh3_y,lh4_y,lh5_y,lh6_y,lh7_y,lh8_y,lh9_y,lh10_y,lh11_y,lh12_y,lh13_y,lh14_y,lh15_y,lh16_y,lh17_y,lh18_y,lh19_y,lh20_y,rh0_y,rh1_y,rh2_y,rh3_y,rh4_y,rh5_y,rh6_y,rh7_y,rh8_y,rh9_y,rh10_y,rh11_y,rh12_y,rh13_y,rh14_y,rh15_y,rh16_y,rh17_y,rh18_y,rh19_y,rh20_y
3100641007.avi,243,341.2918701171875,344.1077880859375,349.84979248046875,354.89251708984375,358.8944091796875,365.6666564941406,373.9490051269531,379.3224792480469,383.7994079589844,366.9681396484375,375.72314453125,381.4852600097656,386.295654296875,366.9345703125,375.07415771484375,380.8648681640625,385.9198303222656,365.62939453125,372.98089599609375,378.00738525390625,382.35882568359375,nan,nan,nan,nan,nan,nan,nan,nan,nan,nan,nan,nan,nan,nan,nan,nan,nan,nan,nan,nan,nan,260.8572998046875,253.89878845214844,248.6734161376953,245.641845703125,243.37338256835938,255.0937042236328,254.802734375,254.086669921875,253.56971740722656,259.1138916015625,259.6795654296875,259.13885498046875,258.5411682128906,262.6156311035156,263.1310729980469,262.5892639160156,262.29742431640625,265.756591796875,266.22735595703125,265.9853820800781,265.7401123046875,nan,nan,nan,nan,nan,nan,nan,nan,nan,nan,nan,nan,nan,nan,nan,nan,nan,nan,nan,nan,nan
