video,frame_index,lh0_x,lh1_x,lh2_x,lh3_x,lh4_x,lh5_x,lh6_x,lh7_x,lh8_x,lh9_x,lh10_x,lh11_x,lh12_x,lh13_x,lh14_x,lh15_x,lh16_x,lh17_x,lh18_x,lh19_x,lh20_x,rh0_x,rh1_x,rh2_x,rh3_x,rh4_x,rh5_x,rh6_x,rh7_x,rh8_x,rh9_x,rh10_x,rh11_x,rh12_x,rh13_x,rh14_x,rh15_x,rh16_x,rh17_x,rh18_x,rh19_x,rh20_x,lh0_y,lh1_y,lh2_y,lh3_y,lh4_y,lh5_y,lh6_y,lh7_y,lh8_y,lh9_y,lh10_y,lh11_y,lh12_y,lh13_y,lh14_y,lh15_y,lh16_y,lh17_y,lh18_y,lh19_y,lh20_y,rh0_y,rh1_y,rh2_y,rh3_y,rh4_y,rh5_y,rh6_y,rh7_y,rh8_y,rh9_y,rh10_y,rh11_y,rh12_y,rh13_y,rh14_y,rh15_y,rh16_y,rh17_y,rh18_y,rh19_y,rh20_y
1100072069.avi,27,nan,nan,nan,nan,nan,nan,nan,nan,nan,nan,nan,nan,nan,nan,nan,nan,nan,nan,nan,nan,nan,538.5234375,529.2701416015625,518.088134765625,509.7186279296875,504.6014404296875,511.7044677734375,499.968994140625,493.2809143066406,489.0512390136719,509.21832275390625,497.242919921875,491.216064453125,487.5895690917969,508.52294921875,497.1751708984375,491.9046630859375,488.6798400878906,509.2657165527344,499.57672119140625,494.72320556640625,491.5067138671875,nan,nan,nan,nan,nan,nan,nan,nan,nan,nan,nan,nan,nan,nan,nan,nan,nan,nan,nan,nan,nan,226.569580078125,237.0673370361328,239.9745635986328,238.0109100341797,236.0713653564453,237.01382446289062,244.00445556640625,250.1194610595703,255.16842651367188,230.7275390625,238.59066772460938,245.09471130371094,250.4619598388672,225.10623168945312,233.0384063720703,239.42706298828125,244.79971313476562,220.19915771484375,226.16641235351562,231.3648223876953,235.87596130371094
1100072069.avi,53,nan,nan,nan,nan,nan,nan,nan,nan,nan,nan,nan,nan,nan,nan,nan,nan,nan,nan,nan,nan,nan,538.504150390625,530.54931640625,519.2284545898438,509.58612060546875,502.99505615234375,513.8077392578125,501.51226806640625,494.0882873535156,489.42706298828125,510.6958312988281,497.84027099609375,491.373046875,487.7001953125,509.4488830566406,496.967529296875,491.05096435546875,487.4643249511719,509.77117919921875,500.05902099609375,494.936279296875,491.2590026855469,nan,nan,nan,nan,nan,nan,nan,nan,nan,nan,nan,nan,nan,nan,nan,nan,nan,nan,nan,nan,nan,226.696533203125,237.0081787109375,240.3710479736328,239.53875732421875,238.76632690429688,238.5605010986328,244.36366271972656,250.40628051757812,255.46734619140625,233.4591827392578,240.1851348876953,246.15750122070312,251.1449432373047,228.1630096435547,234.9372100830078,240.70864868164062,245.4345703125,222.7331085205078,229.25411987304688,234.71604919433594,239.2744598388672
