video,frame_index,lh0_x,lh1_x,lh2_x,lh3_x,lh4_x,lh5_x,lh6_x,lh7_x,lh8_x,lh9_x,lh10_x,lh11_x,lh12_x,lh13_x,lh14_x,lh15_x,lh16_x,lh17_x,lh18_x,lh19_x,lh20_x,rh0_x,rh1_x,rh2_x,rh3_x,rh4_x,rh5_x,rh6_x,rh7_x,rh8_x,rh9_x,rh10_x,rh11_x,rh12_x,rh13_x,rh14_x,rh15_x,rh16_x,rh17_x,rh18_x,rh19_x,rh20_x,lh0_y,lh1_y,lh2_y,lh3_y,lh4_y,lh5_y,lh6_y,lh7_y,lh8_y,lh9_y,lh10_y,lh11_y,lh12_y,lh13_y,lh14_y,lh15_y,lh16_y,lh17_y,lh18_y,lh19_y,lh20_y,rh0_y,rh1_y,rh2_y,rh3_y,rh4_y,rh5_y,rh6_y,rh7_y,rh8_y,rh9_y,rh10_y,rh11_y,rh12_y,rh13_y,rh14_y,rh15_y,rh16_y,rh17_y,rh18_y,rh19_y,rh20_y
4000222046.avi,147,nan,nan,nan,nan,nan,nan,nan,nan,nan,nan,nan,nan,nan,nan,nan,nan,nan,nan,nan,nan,nan,391.7927551269531,386.21368408203125,397.5404052734375,414.0244140625,423.349853515625,412.2619323730469,426.48876953125,426.10107421875,422.9112548828125,422.0110778808594,435.80535888671875,432.7518005371094,428.45263671875,429.966064453125,444.1329345703125,441.9176940917969,438.97698974609375,436.56317138671875,448.443115234375,448.50714111328125,447.33984375,nan,nan,nan,nan,nan,nan,nan,nan,nan,nan,nan,nan,nan,nan,nan,nan,nan,nan,nan,nan,nan,431.97283935546875,406.18359375,379.4141845703125,361.9434814453125,345.09051513671875,386.3630676269531,373.2470397949219,363.99737548828125,357.4591064453125,397.1872863769531,383.4245910644531,375.3755187988281,370.97796630859375,408.3840026855469,397.4816589355469,389.80810546875,384.6516418457031,419.2882080078125,408.83447265625,402.25244140625,397.4785461425781
