video,frame_index,lh0_x,lh1_x,lh2_x,lh3_x,lh4_x,lh5_x,lh6_x,lh7_x,lh8_x,lh9_x,lh10_x,lh11_x,lh12_x,lh13_x,lh14_x,lh15_x,lh16_x,lh17_x,lh18_x,lh19_x,lh20_x,rh0_x,rh1_x,rh2_x,rh3_x,rh4_x,rh5_x,rh6_x,rh7_x,rh8_x,rh9_x,rh10_x,rh11_x,rh12_x,rh13_x,rh14_x,rh15_x,rh16_x,rh17_x,rh18_x,rh19_x,rh20_x,lh0_y,lh1_y,lh2_y,lh3_y,lh4_y,lh5_y,lh6_y,lh7_y,lh8_y,lh9_y,lh10_y,lh11_y,lh12_y,lh13_y,lh14_y,lh15_y,lh16_y,lh17_y,lh18_y,lh19_y,lh20_y,rh0_y,rh1_y,rh2_y,rh3_y,rh4_y,rh5_y,rh6_y,rh7_y,rh8_y,rh9_y,rh10_y,rh11_y,rh12_y,rh13_y,rh14_y,rh15_y,rh16_y,rh17_y,rh18_y,rh19_y,rh20_y
3100731058.avi,104,279.1002502441406,289.7377624511719,298.6902770996094,303.8228759765625,306.34271240234375,316.2356872558594,313.3270263671875,309.5,306.3235778808594,313.2202453613281,307.8255615234375,303.6257629394531,299.9107666015625,306.868896484375,300.4061584472656,296.9113464355469,293.65374755859375,298.5586853027344,293.999755859375,291.3612976074219,289.8934326171875,nan,nan,nan,nan,nan,nan,nan,nan,nan,nan,nan,nan,nan,nan,nan,nan,nan,nan,nan,nan,nan,353.44049072265625,336.32672119140625,320.136962890625,305.5444641113281,292.88275146484375,331.9544677734375,314.2201232910156,302.6070861816406,294.8763427734375,336.4344177246094,317.01214599609375,306.38031005859375,299.87261962890625,339.8577880859375,322.480712890625,312.96746826171875,306.88226318359375,342.6667175292969,328.332763671875,320.647216796875,314.9913024902344,nan,nan,nan,nan,nan,nan,nan,nan,nan,nan,nan,nan,nan,nan,nan,nan,nan,nan,nan,nan,nan
