video,frame_index,lh0_x,lh1_x,lh2_x,lh3_x,lh4_x,lh5_x,lh6_x,lh7_x,lh8_x,lh9_x,lh10_x,lh11_x,lh12_x,lh13_x,lh14_x,lh15_x,lh16_x,lh17_x,lh18_x,lh19_x,lh20_x,rh0_x,rh1_x,rh2_x,rh3_x,rh4_x,rh5_x,rh6_x,rh7_x,rh8_x,rh9_x,rh10_x,rh11_x,rh12_x,rh13_x,rh14_x,rh15_x,rh16_x,rh17_x,rh18_x,rh19_x,rh20_x,lh0_y,lh1_y,lh2_y,lh3_y,lh4_y,lh5_y,lh6_y,lh7_y,lh8_y,lh9_y,lh10_y,lh11_y,lh12_y,lh13_y,lh14_y,lh15_y,lh16_y,lh17_y,lh18_y,lh19_y,lh20_y,rh0_y,rh1_y,rh2_y,rh3_y,rh4_y,rh5_y,rh6_y,rh7_y,rh8_y,rh9_y,rh10_y,rh11_y,rh12_y,rh13_y,rh14_y,rh15_y,rh16_y,rh17_y,rh18_y,rh19_y,rh20_y
3100642030.avi,13,199.88339233398438,196.92037963867188,198.2249298095703,199.368408203125,198.1592559814453,204.29348754882812,205.03482055664062,203.65074157714844,201.9900665283203,206.6182861328125,207.09840393066406,205.22393798828125,202.98692321777344,208.55467224121094,208.7574462890625,206.87716674804688,204.58375549316406,210.36724853515625,210.5513153076172,208.82322692871094,206.83709716796875,nan,nan,nan,nan,nan,nan,nan,nan,nan,nan,nan,nan,nan,nan,nan,nan,nan,nan,nan,nan,nan,362.19818115234375,372.14111328125,381.32171630859375,387.7116394042969,392.3584289550781,384.6527404785156,392.7366638183594,396.7213439941406,399.6094970703125,383.1197204589844,391.02239990234375,395.19921875,398.4043884277344,381.20037841796875,389.0169372558594,393.3345031738281,396.2967224121094,378.75836181640625,384.9355163574219,388.4633483886719,390.875732421875,nan,nan,nan,nan,nan,nan,nan,nan,nan,nan,nan,nan,nan,nan,nan,nan,nan,nan,nan,nan,nan
3100642030.avi,84,nan,nan,nan,nan,nan,nan,nan,nan,nan,nan,nan,nan,nan,nan,nan,nan,nan,nan,nan,nan,nan,188.7933349609375,192.13772583007812,196.9417724609375,199.95053100585938,200.4935302734375,204.97520446777344,215.02493286132812,219.70574951171875,222.5399932861328,206.41136169433594,216.93357849121094,222.62672424316406,226.25701904296875,206.49371337890625,216.52877807617188,222.43505859375,226.2455596923828,205.75743103027344,214.06521606445312,219.40853881835938,223.59686279296875,nan,nan,nan,nan,nan,nan,nan,nan,nan,nan,nan,nan,nan,nan,nan,nan,nan,nan,nan,nan,nan,347.05712890625,353.9012451171875,359.49444580078125,362.99993896484375,364.4500732421875,360.4952697753906,362.2207336425781,361.81640625,361.48065185546875,356.35235595703125,357.6832275390625,356.9521484375,355.3603820800781,351.7033996582031,351.8341979980469,350.8267517089844,349.6344299316406,346.72509765625,345.8034362792969,344.8458251953125,344.3013916015625
