video,frame_index,lh0_x,lh1_x,lh2_x,lh3_x,lh4_x,lh5_x,lh6_x,lh7_x,lh8_x,lh9_x,lh10_x,lh11_x,lh12_x,lh13_x,lh14_x,lh15_x,lh16_x,lh17_x,lh18_x,lh19_x,lh20_x,rh0_x,rh1_x,rh2_x,rh3_x,rh4_x,rh5_x,rh6_x,rh7_x,rh8_x,rh9_x,rh10_x,rh11_x,rh12_x,rh13_x,rh14_x,rh15_x,rh16_x,rh17_x,rh18_x,rh19_x,rh20_x,lh0_y,lh1_y,lh2_y,lh3_y,lh4_y,lh5_y,lh6_y,lh7_y,lh8_y,lh9_y,lh10_y,lh11_y,lh12_y,lh13_y,lh14_y,lh15_y,lh16_y,lh17_y,lh18_y,lh19_y,lh20_y,rh0_y,rh1_y,rh2_y,rh3_y,rh4_y,rh5_y,rh6_y,rh7_y,rh8_y,rh9_y,rh10_y,rh11_y,rh12_y,rh13_y,rh14_y,rh15_y,rh16_y,rh17_y,rh18_y,rh19_y,rh20_y
4100191007.avi,193,453.7666320800781,418.661376953125,405.2467041015625,400.79156494140625,397.82623291015625,416.6905212402344,388.21478271484375,366.6165771484375,348.27398681640625,428.69732666015625,390.11181640625,362.6229553222656,344.38671875,438.55218505859375,399.92340087890625,371.9674987792969,353.8919677734375,444.0047607421875,418.22589111328125,400.02923583984375,385.7406921386719,nan,nan,nan,nan,nan,nan,nan,nan,nan,nan,nan,nan,nan,nan,nan,nan,nan,nan,nan,nan,nan,411.4803466796875,381.98529052734375,347.9129333496094,319.64617919921875,297.07098388671875,314.9658203125,298.635498046875,299.1072998046875,302.49456787109375,319.5643310546875,311.4533996582031,319.179443359375,329.0447692871094,332.24017333984375,325.18634033203125,334.9410705566406,346.504638671875,349.8975830078125,343.4044494628906,349.11737060546875,358.5657043457031,nan,nan,nan,nan,nan,nan,nan,nan,nan,nan,nan,nan,nan,nan,nan,nan,nan,nan,nan,nan,nan
