video,frame_index,lh0_x,lh1_x,lh2_x,lh3_x,lh4_x,lh5_x,lh6_x,lh7_x,lh8_x,lh9_x,lh10_x,lh11_x,lh12_x,lh13_x,lh14_x,lh15_x,lh16_x,lh17_x,lh18_x,lh19_x,lh20_x,rh0_x,rh1_x,rh2_x,rh3_x,rh4_x,rh5_x,rh6_x,rh7_x,rh8_x,rh9_x,rh10_x,rh11_x,rh12_x,rh13_x,rh14_x,rh15_x,rh16_x,rh17_x,rh18_x,rh19_x,rh20_x,lh0_y,lh1_y,lh2_y,lh3_y,lh4_y,lh5_y,lh6_y,lh7_y,lh8_y,lh9_y,lh10_y,lh11_y,lh12_y,lh13_y,lh14_y,lh15_y,lh16_y,lh17_y,lh18_y,lh19_y,lh20_y,rh0_y,rh1_y,rh2_y,rh3_y,rh4_y,rh5_y,rh6_y,rh7_y,rh8_y,rh9_y,rh10_y,rh11_y,rh12_y,rh13_y,rh14_y,rh15_y,rh16_y,rh17_y,rh18_y,rh19_y,rh20_y
2100511036.avi,257,nan,nan,nan,nan,nan,nan,nan,nan,nan,nan,nan,nan,nan,nan,nan,nan,nan,nan,nan,nan,nan,312.81793212890625,306.1168212890625,300.12225341796875,289.7507019042969,282.4804382324219,330.5038757324219,343.95391845703125,347.3373107910156,349.7327880859375,336.40185546875,350.9563903808594,354.8416442871094,357.7169189453125,338.045166015625,351.2439270019531,356.82037353515625,362.9605712890625,336.77496337890625,348.114990234375,354.75115966796875,361.5343933105469,nan,nan,nan,nan,nan,nan,nan,nan,nan,nan,nan,nan,nan,nan,nan,nan,nan,nan,nan,nan,nan,274.9187316894531,261.70562744140625,243.92953491210938,230.4832000732422,219.28359985351562,245.06460571289062,233.9876708984375,227.5570068359375,221.9686279296875,256.01336669921875,247.99676513671875,240.736572265625,234.4590301513672,267.5896911621094,261.78594970703125,256.3376159667969,250.48301696777344,277.9908752441406,276.62188720703125,275.3975524902344,273.2291259765625
2100511036.avi,292,nan,nan,nan,nan,nan,nan,nan,nan,nan,nan,nan,nan,nan,nan,nan,nan,nan,nan,nan,nan,nan,312.0163269042969,304.3765869140625,299.37261962890625,290.7327880859375,283.957763671875,328.0953369140625,341.15081787109375,347.3230285644531,351.9464111328125,334.5176696777344,347.6658630371094,354.4079895019531,359.6846923828125,336.97186279296875,349.3928527832031,356.8841857910156,364.1072998046875,336.93310546875,348.44989013671875,356.638427734375,364.3619079589844,nan,nan,nan,nan,nan,nan,nan,nan,nan,nan,nan,nan,nan,nan,nan,nan,nan,nan,nan,nan,nan,275.5635070800781,260.4256286621094,240.19650268554688,225.30291748046875,212.21742248535156,243.27120971679688,233.34141540527344,228.57965087890625,224.47903442382812,255.33795166015625,247.98951721191406,241.88565063476562,235.85964965820312,267.6270446777344,262.6763000488281,257.81640625,252.17230224609375,278.7288818359375,276.6192321777344,275.3674011230469,273.0174560546875
