video,frame_index,lh0_x,lh1_x,lh2_x,lh3_x,lh4_x,lh5_x,lh6_x,lh7_x,lh8_x,lh9_x,lh10_x,lh11_x,lh12_x,lh13_x,lh14_x,lh15_x,lh16_x,lh17_x,lh18_x,lh19_x,lh20_x,rh0_x,rh1_x,rh2_x,rh3_x,rh4_x,rh5_x,rh6_x,rh7_x,rh8_x,rh9_x,rh10_x,rh11_x,rh12_x,rh13_x,rh14_x,rh15_x,rh16_x,rh17_x,rh18_x,rh19_x,rh20_x,lh0_y,lh1_y,lh2_y,lh3_y,lh4_y,lh5_y,lh6_y,lh7_y,lh8_y,lh9_y,lh10_y,lh11_y,lh12_y,lh13_y,lh14_y,lh15_y,lh16_y,lh17_y,lh18_y,lh19_y,lh20_y,rh0_y,rh1_y,rh2_y,rh3_y,rh4_y,rh5_y,rh6_y,rh7_y,rh8_y,rh9_y,rh10_y,rh11_y,rh12_y,rh13_y,rh14_y,rh15_y,rh16_y,rh17_y,rh18_y,rh19_y,rh20_y
2100511070.avi,254,316.2247619628906,309.0388488769531,302.9977722167969,291.9504089355469,283.5217590332031,332.0521240234375,344.94342041015625,349.374267578125,352.4000244140625,336.7857666015625,350.1823425292969,354.8194885253906,359.4638366699219,338.03594970703125,350.8499450683594,357.14947509765625,364.03314208984375,336.55889892578125,347.3657531738281,354.12823486328125,360.98577880859375,nan,nan,nan,nan,nan,nan,nan,nan,nan,nan,nan,nan,nan,nan,nan,nan,nan,nan,nan,nan,nan,278.905517578125,264.8649597167969,247.02078247070312,233.33303833007812,222.1708984375,246.27210998535156,235.38636779785156,229.79554748535156,225.1133575439453,258.6015930175781,251.0153350830078,246.18801879882812,241.5859832763672,272.07281494140625,268.08721923828125,265.33917236328125,261.4356689453125,285.0673828125,285.2245788574219,285.8497009277344,285.01336669921875,nan,nan,nan,nan,nan,nan,nan,nan,nan,nan,nan,nan,nan,nan,nan,nan,nan,nan,nan,nan,nan
