video,frame_index,lh0_x,lh1_x,lh2_x,lh3_x,lh4_x,lh5_x,lh6_x,lh7_x,lh8_x,lh9_x,lh10_x,lh11_x,lh12_x,lh13_x,lh14_x,lh15_x,lh16_x,lh17_x,lh18_x,lh19_x,lh20_x,rh0_x,rh1_x,rh2_x,rh3_x,rh4_x,rh5_x,rh6_x,rh7_x,rh8_x,rh9_x,rh10_x,rh11_x,rh12_x,rh13_x,rh14_x,rh15_x,rh16_x,rh17_x,rh18_x,rh19_x,rh20_x,lh0_y,lh1_y,lh2_y,lh3_y,lh4_y,lh5_y,lh6_y,lh7_y,lh8_y,lh9_y,lh10_y,lh11_y,lh12_y,lh13_y,lh14_y,lh15_y,lh16_y,lh17_y,lh18_y,lh19_y,lh20_y,rh0_y,rh1_y,rh2_y,rh3_y,rh4_y,rh5_y,rh6_y,rh7_y,rh8_y,rh9_y,rh10_y,rh11_y,rh12_y,rh13_y,rh14_y,rh15_y,rh16_y,rh17_y,rh18_y,rh19_y,rh20_y
2100572063.avi,48,338.5792541503906,326.767333984375,309.58270263671875,295.13616943359375,284.7947692871094,299.3931579589844,274.0939636230469,271.4226989746094,275.5948486328125,300.7099914550781,274.70721435546875,272.2284851074219,276.6958923339844,301.22308349609375,276.9729309082031,275.51861572265625,279.5184326171875,300.86676025390625,281.85198974609375,279.08819580078125,281.9208068847656,nan,nan,nan,nan,nan,nan,nan,nan,nan,nan,nan,nan,nan,nan,nan,nan,nan,nan,nan,nan,nan,386.80462646484375,373.11468505859375,363.8813171386719,355.7181701660156,349.2851257324219,390.00390625,391.53118896484375,386.1008605957031,382.1109619140625,401.3536376953125,401.2301025390625,394.22174072265625,390.18243408203125,407.9751281738281,407.5777587890625,400.6625061035156,397.0062255859375,411.3746032714844,410.7010498046875,405.5012512207031,401.2731628417969,nan,nan,nan,nan,nan,nan,nan,nan,nan,nan,nan,nan,nan,nan,nan,nan,nan,nan,nan,nan,nan
2100572063.avi,215,344.9742431640625,331.8782043457031,313.339111328125,298.587890625,288.4649353027344,304.0639343261719,278.3517761230469,271.4405517578125,272.35760498046875,303.1650390625,277.158447265625,272.6075439453125,274.5213623046875,302.5857238769531,278.4112548828125,274.5518798828125,276.33209228515625,301.5935363769531,282.94091796875,278.38623046875,279.2300109863281,nan,nan,nan,nan,nan,nan,nan,nan,nan,nan,nan,nan,nan,nan,nan,nan,nan,nan,nan,nan,nan,386.3058166503906,377.2198791503906,367.4355163574219,355.412109375,348.29608154296875,393.67901611328125,396.3502502441406,390.3551940917969,384.0268249511719,400.9397888183594,400.2098388671875,392.8018798828125,386.5140686035156,404.4972229003906,402.5617980957031,395.7479553222656,390.6402587890625,405.6629333496094,404.1187438964844,399.84954833984375,396.4321594238281,nan,nan,nan,nan,nan,nan,nan,nan,nan,nan,nan,nan,nan,nan,nan,nan,nan,nan,nan,nan,nan
