video,frame_index,lh0_x,lh1_x,lh2_x,lh3_x,lh4_x,lh5_x,lh6_x,lh7_x,lh8_x,lh9_x,lh10_x,lh11_x,lh12_x,lh13_x,lh14_x,lh15_x,lh16_x,lh17_x,lh18_x,lh19_x,lh20_x,rh0_x,rh1_x,rh2_x,rh3_x,rh4_x,rh5_x,rh6_x,rh7_x,rh8_x,rh9_x,rh10_x,rh11_x,rh12_x,rh13_x,rh14_x,rh15_x,rh16_x,rh17_x,rh18_x,rh19_x,rh20_x,lh0_y,lh1_y,lh2_y,lh3_y,lh4_y,lh5_y,lh6_y,lh7_y,lh8_y,lh9_y,lh10_y,lh11_y,lh12_y,lh13_y,lh14_y,lh15_y,lh16_y,lh17_y,lh18_y,lh19_y,lh20_y,rh0_y,rh1_y,rh2_y,rh3_y,rh4_y,rh5_y,rh6_y,rh7_y,rh8_y,rh9_y,rh10_y,rh11_y,rh12_y,rh13_y,rh14_y,rh15_y,rh16_y,rh17_y,rh18_y,rh19_y,rh20_y
2000502063.avi,135,nan,nan,nan,nan,nan,nan,nan,nan,nan,nan,nan,nan,nan,nan,nan,nan,nan,nan,nan,nan,nan,339.2200012207031,320.2415466308594,311.21759033203125,310.4129638671875,312.74761962890625,316.4577941894531,313.5653381347656,314.2110595703125,316.4321594238281,329.1813659667969,322.6526184082031,321.32098388671875,320.94482421875,343.2181091308594,339.3757629394531,337.0266418457031,333.8700866699219,358.32635498046875,356.1705322265625,351.3463134765625,344.9780578613281,nan,nan,nan,nan,nan,nan,nan,nan,nan,nan,nan,nan,nan,nan,nan,nan,nan,nan,nan,nan,nan,446.5377502441406,422.7508544921875,394.9263610839844,373.56549072265625,359.01959228515625,390.4537048339844,366.09063720703125,352.0255432128906,342.3320007324219,396.3538513183594,373.43328857421875,359.83489990234375,349.226318359375,405.92034912109375,387.7153625488281,378.81683349609375,373.3710021972656,417.72802734375,405.8575134277344,399.80584716796875,396.5355529785156
