video,frame_index,lh0_x,lh1_x,lh2_x,lh3_x,lh4_x,lh5_x,lh6_x,lh7_x,lh8_x,lh9_x,lh10_x,lh11_x,lh12_x,lh13_x,lh14_x,lh15_x,lh16_x,lh17_x,lh18_x,lh19_x,lh20_x,rh0_x,rh1_x,rh2_x,rh3_x,rh4_x,rh5_x,rh6_x,rh7_x,rh8_x,rh9_x,rh10_x,rh11_x,rh12_x,rh13_x,rh14_x,rh15_x,rh16_x,rh17_x,rh18_x,rh19_x,rh20_x,lh0_y,lh1_y,lh2_y,lh3_y,lh4_y,lh5_y,lh6_y,lh7_y,lh8_y,lh9_y,lh10_y,lh11_y,lh12_y,lh13_y,lh14_y,lh15_y,lh16_y,lh17_y,lh18_y,lh19_y,lh20_y,rh0_y,rh1_y,rh2_y,rh3_y,rh4_y,rh5_y,rh6_y,rh7_y,rh8_y,rh9_y,rh10_y,rh11_y,rh12_y,rh13_y,rh14_y,rh15_y,rh16_y,rh17_y,rh18_y,rh19_y,rh20_y
3100781048.avi,254,609.8479614257812,590.5265502929688,572.6259155273438,562.8914794921875,560.0509033203125,577.678955078125,563.9000854492188,560.3760986328125,560.2588500976562,589.0839233398438,576.17626953125,570.7718505859375,568.408935546875,603.0753173828125,594.701416015625,591.1682739257812,587.9512329101562,617.4525146484375,614.96875,614.1185302734375,612.7412109375,nan,nan,nan,nan,nan,nan,nan,nan,nan,nan,nan,nan,nan,nan,nan,nan,nan,nan,nan,nan,nan,370.986572265625,376.0933837890625,387.22064208984375,396.06121826171875,402.2959899902344,382.5191650390625,395.0979309082031,406.18206787109375,414.8975524902344,383.8369445800781,397.4080505371094,409.05242919921875,417.0975341796875,384.8527526855469,398.0925598144531,407.9096374511719,415.70294189453125,385.6419677734375,397.6796875,406.101806640625,412.84674072265625,nan,nan,nan,nan,nan,nan,nan,nan,nan,nan,nan,nan,nan,nan,nan,nan,nan,nan,nan,nan,nan
3100781048.avi,268,608.6920166015625,594.1090698242188,580.5244750976562,571.410400390625,565.9876098632812,572.4160766601562,559.0933227539062,556.2855224609375,557.2973022460938,573.0823364257812,558.9884033203125,556.9208374023438,558.0225219726562,575.820556640625,562.4317016601562,559.7125854492188,559.9427490234375,580.6152954101562,572.5824584960938,569.3139038085938,567.6331176757812,nan,nan,nan,nan,nan,nan,nan,nan,nan,nan,nan,nan,nan,nan,nan,nan,nan,nan,nan,nan,nan,382.7848815917969,385.6983337402344,391.5613098144531,398.4966735839844,405.4739990234375,387.93548583984375,398.2315979003906,408.51300048828125,416.6502685546875,388.2208557128906,400.6683654785156,411.22125244140625,419.37738037109375,389.9318542480469,402.0110168457031,412.1854248046875,420.20391845703125,392.88714599609375,402.113037109375,408.9215087890625,414.8943176269531,nan,nan,nan,nan,nan,nan,nan,nan,nan,nan,nan,nan,nan,nan,nan,nan,nan,nan,nan,nan,nan
