video,frame_index,lh0_x,lh1_x,lh2_x,lh3_x,lh4_x,lh5_x,lh6_x,lh7_x,lh8_x,lh9_x,lh10_x,lh11_x,lh12_x,lh13_x,lh14_x,lh15_x,lh16_x,lh17_x,lh18_x,lh19_x,lh20_x,rh0_x,rh1_x,rh2_x,rh3_x,rh4_x,rh5_x,rh6_x,rh7_x,rh8_x,rh9_x,rh10_x,rh11_x,rh12_x,rh13_x,rh14_x,rh15_x,rh16_x,rh17_x,rh18_x,rh19_x,rh20_x,lh0_y,lh1_y,lh2_y,lh3_y,lh4_y,lh5_y,lh6_y,lh7_y,lh8_y,lh9_y,lh10_y,lh11_y,lh12_y,lh13_y,lh14_y,lh15_y,lh16_y,lh17_y,lh18_y,lh19_y,lh20_y,rh0_y,rh1_y,rh2_y,rh3_y,rh4_y,rh5_y,rh6_y,rh7_y,rh8_y,rh9_y,rh10_y,rh11_y,rh12_y,rh13_y,rh14_y,rh15_y,rh16_y,rh17_y,rh18_y,rh19_y,rh20_y
3100782014.avi,142,nan,nan,nan,nan,nan,nan,nan,nan,nan,nan,nan,nan,nan,nan,nan,nan,nan,nan,nan,nan,nan,450.1199035644531,430.15509033203125,423.2589416503906,421.0360412597656,418.70697021484375,450.165283203125,442.6420593261719,428.30810546875,417.5701599121094,463.1001281738281,457.2810363769531,444.70916748046875,434.78961181640625,470.6867980957031,465.51812744140625,452.9983215332031,442.99853515625,474.0145263671875,468.2421875,458.62353515625,450.0537414550781,nan,nan,nan,nan,nan,nan,nan,nan,nan,nan,nan,nan,nan,nan,nan,nan,nan,nan,nan,nan,nan,372.02490234375,353.927978515625,324.3740234375,299.9332275390625,282.8608093261719,318.9413757324219,283.9328308105469,274.174560546875,274.16845703125,317.9643859863281,284.6351013183594,274.55029296875,273.314453125,318.365234375,286.7223815917969,276.8177490234375,274.42645263671875,318.4260559082031,292.0749816894531,281.67047119140625,278.12298583984375
3100782014.avi,182,nan,nan,nan,nan,nan,nan,nan,nan,nan,nan,nan,nan,nan,nan,nan,nan,nan,nan,nan,nan,nan,456.2984619140625,436.1389465332031,425.2685546875,420.5540466308594,415.76458740234375,455.8701171875,450.50299072265625,437.791259765625,427.4102783203125,468.0763244628906,462.91229248046875,450.281005859375,439.9032897949219,475.91827392578125,470.59796142578125,458.1181640625,448.10137939453125,480.34326171875,474.49920654296875,465.58355712890625,458.3596496582031,nan,nan,nan,nan,nan,nan,nan,nan,nan,nan,nan,nan,nan,nan,nan,nan,nan,nan,nan,nan,nan,362.86505126953125,349.2285461425781,321.4336242675781,297.9066162109375,281.3146057128906,311.2613525390625,278.71527099609375,266.00360107421875,262.27374267578125,310.3235778808594,279.41571044921875,267.2364501953125,263.1939392089844,310.3360595703125,281.4923400878906,271.30303955078125,267.3453674316406,310.3178405761719,285.5937194824219,275.6758117675781,271.30322265625
