video,frame_index,lh0_x,lh1_x,lh2_x,lh3_x,lh4_x,lh5_x,lh6_x,lh7_x,lh8_x,lh9_x,lh10_x,lh11_x,lh12_x,lh13_x,lh14_x,lh15_x,lh16_x,lh17_x,lh18_x,lh19_x,lh20_x,rh0_x,rh1_x,rh2_x,rh3_x,rh4_x,rh5_x,rh6_x,rh7_x,rh8_x,rh9_x,rh10_x,rh11_x,rh12_x,rh13_x,rh14_x,rh15_x,rh16_x,rh17_x,rh18_x,rh19_x,rh20_x,lh0_y,lh1_y,lh2_y,lh3_y,lh4_y,lh5_y,lh6_y,lh7_y,lh8_y,lh9_y,lh10_y,lh11_y,lh12_y,lh13_y,lh14_y,lh15_y,lh16_y,lh17_y,lh18_y,lh19_y,lh20_y,rh0_y,rh1_y,rh2_y,rh3_y,rh4_y,rh5_y,rh6_y,rh7_y,rh8_y,rh9_y,rh10_y,rh11_y,rh12_y,rh13_y,rh14_y,rh15_y,rh16_y,rh17_y,rh18_y,rh19_y,rh20_y
4000222038.avi,276,nan,nan,nan,nan,nan,nan,nan,nan,nan,nan,nan,nan,nan,nan,nan,nan,nan,nan,nan,nan,nan,393.704345703125,385.05340576171875,395.2232666015625,413.6890869140625,425.58099365234375,414.07550048828125,428.4620361328125,429.0788269042969,426.29998779296875,425.3721923828125,436.98822021484375,434.162109375,429.6055908203125,433.618408203125,445.56365966796875,441.214599609375,435.77996826171875,440.3387145996094,450.2900695800781,446.91522216796875,441.9253234863281,nan,nan,nan,nan,nan,nan,nan,nan,nan,nan,nan,nan,nan,nan,nan,nan,nan,nan,nan,nan,nan,429.3399658203125,404.3456115722656,377.2218017578125,359.7301025390625,345.20477294921875,386.1476135253906,365.5335388183594,351.0520935058594,341.06414794921875,394.4091796875,372.1317443847656,357.6678771972656,349.28265380859375,403.0318603515625,382.20330810546875,367.7555236816406,358.6831359863281,411.2481689453125,392.2272644042969,380.3226013183594,372.6578369140625
