video,frame_index,lh0_x,lh1_x,lh2_x,lh3_x,lh4_x,lh5_x,lh6_x,lh7_x,lh8_x,lh9_x,lh10_x,lh11_x,lh12_x,lh13_x,lh14_x,lh15_x,lh16_x,lh17_x,lh18_x,lh19_x,lh20_x,rh0_x,rh1_x,rh2_x,rh3_x,rh4_x,rh5_x,rh6_x,rh7_x,rh8_x,rh9_x,rh10_x,rh11_x,rh12_x,rh13_x,rh14_x,rh15_x,rh16_x,rh17_x,rh18_x,rh19_x,rh20_x,lh0_y,lh1_y,lh2_y,lh3_y,lh4_y,lh5_y,lh6_y,lh7_y,lh8_y,lh9_y,lh10_y,lh11_y,lh12_y,lh13_y,lh14_y,lh15_y,lh16_y,lh17_y,lh18_y,lh19_y,lh20_y,rh0_y,rh1_y,rh2_y,rh3_y,rh4_y,rh5_y,rh6_y,rh7_y,rh8_y,rh9_y,rh10_y,rh11_y,rh12_y,rh13_y,rh14_y,rh15_y,rh16_y,rh17_y,rh18_y,rh19_y,rh20_y
3100782065.avi,56,nan,nan,nan,nan,nan,nan,nan,nan,nan,nan,nan,nan,nan,nan,nan,nan,nan,nan,nan,nan,nan,462.4305725097656,438.4833984375,424.54205322265625,419.21917724609375,419.0166931152344,457.9647521972656,451.5632629394531,440.0488586425781,430.9493408203125,472.51953125,464.3528747558594,451.49505615234375,442.56683349609375,481.99334716796875,474.4609375,461.26751708984375,452.3214111328125,488.5111083984375,481.1900634765625,472.79766845703125,466.9488830566406,nan,nan,nan,nan,nan,nan,nan,nan,nan,nan,nan,nan,nan,nan,nan,nan,nan,nan,nan,nan,nan,371.632568359375,356.59906005859375,327.4303894042969,301.6007080078125,282.45123291015625,316.14166259765625,280.7938232421875,265.8486633300781,261.7500915527344,315.54095458984375,281.0259704589844,269.4239196777344,266.6274108886719,315.714111328125,284.3124694824219,273.0841979980469,268.13623046875,316.60797119140625,288.9410705566406,278.5650939941406,273.4931640625
3100782065.avi,123,nan,nan,nan,nan,nan,nan,nan,nan,nan,nan,nan,nan,nan,nan,nan,nan,nan,nan,nan,nan,nan,464.4527893066406,439.7114562988281,424.4643859863281,417.1640625,413.4359130859375,455.9962463378906,438.1387634277344,422.230712890625,412.78680419921875,466.8741455078125,449.4302978515625,434.29071044921875,425.17095947265625,472.82568359375,456.0322570800781,442.6195068359375,435.71038818359375,475.3190612792969,459.19110107421875,448.8570861816406,443.8509826660156,nan,nan,nan,nan,nan,nan,nan,nan,nan,nan,nan,nan,nan,nan,nan,nan,nan,nan,nan,nan,nan,366.32159423828125,351.76995849609375,324.64031982421875,300.57763671875,282.43670654296875,301.9831237792969,275.3121032714844,267.7757873535156,267.2744140625,299.9417419433594,275.3526306152344,270.3285827636719,271.91802978515625,300.4512634277344,277.6729431152344,274.52520751953125,276.08380126953125,302.03704833984375,281.16552734375,277.42303466796875,278.5621337890625
