video,frame_index,lh0_x,lh1_x,lh2_x,lh3_x,lh4_x,lh5_x,lh6_x,lh7_x,lh8_x,lh9_x,lh10_x,lh11_x,lh12_x,lh13_x,lh14_x,lh15_x,lh16_x,lh17_x,lh18_x,lh19_x,lh20_x,rh0_x,rh1_x,rh2_x,rh3_x,rh4_x,rh5_x,rh6_x,rh7_x,rh8_x,rh9_x,rh10_x,rh11_x,rh12_x,rh13_x,rh14_x,rh15_x,rh16_x,rh17_x,rh18_x,rh19_x,rh20_x,lh0_y,lh1_y,lh2_y,lh3_y,lh4_y,lh5_y,lh6_y,lh7_y,lh8_y,lh9_y,lh10_y,lh11_y,lh12_y,lh13_y,lh14_y,lh15_y,lh16_y,lh17_y,lh18_y,lh19_y,lh20_y,rh0_y,rh1_y,rh2_y,rh3_y,rh4_y,rh5_y,rh6_y,rh7_y,rh8_y,rh9_y,rh10_y,rh11_y,rh12_y,rh13_y,rh14_y,rh15_y,rh16_y,rh17_y,rh18_y,rh19_y,rh20_y
5564630145.avi,116,343.0178527832031,333.9540100097656,322.6205139160156,314.8667907714844,311.0616149902344,320.67315673828125,299.6016845703125,285.9902038574219,276.0699157714844,321.7178649902344,297.19775390625,282.46038818359375,274.17144775390625,323.5797119140625,300.0101013183594,286.1690673828125,277.96917724609375,325.75244140625,308.46087646484375,297.2362060546875,289.7305908203125,nan,nan,nan,nan,nan,nan,nan,nan,nan,nan,nan,nan,nan,nan,nan,nan,nan,nan,nan,nan,nan,404.71075439453125,420.0862121582031,434.4096984863281,446.4326477050781,456.4100646972656,421.81658935546875,422.10968017578125,419.468994140625,417.1883544921875,407.822509765625,406.39990234375,404.27459716796875,403.65509033203125,396.1969909667969,393.0899353027344,391.7315979003906,391.9276428222656,386.7490234375,381.8375549316406,380.0551452636719,380.4898681640625,nan,nan,nan,nan,nan,nan,nan,nan,nan,nan,nan,nan,nan,nan,nan,nan,nan,nan,nan,nan,nan
5564630145.avi,193,nan,nan,nan,nan,nan,nan,nan,nan,nan,nan,nan,nan,nan,nan,nan,nan,nan,nan,nan,nan,nan,339.610107421875,332.1300964355469,320.5999450683594,311.1669616699219,303.9920349121094,318.8022155761719,296.94219970703125,283.0987243652344,273.8306884765625,319.074951171875,295.8484191894531,281.275146484375,272.6868896484375,320.2701416015625,297.69537353515625,284.4964904785156,276.2104797363281,321.8948059082031,305.1022644042969,294.50970458984375,287.3742370605469,nan,nan,nan,nan,nan,nan,nan,nan,nan,nan,nan,nan,nan,nan,nan,nan,nan,nan,nan,nan,nan,400.91302490234375,417.1519470214844,429.30517578125,436.17333984375,440.6549377441406,420.9269104003906,421.0854187011719,419.94573974609375,419.0986328125,407.86016845703125,406.46746826171875,405.7344970703125,406.19073486328125,395.86236572265625,394.1349182128906,395.0854187011719,396.7984619140625,385.52386474609375,382.6617736816406,382.47882080078125,383.0583801269531
