video,frame_index,lh0_x,lh1_x,lh2_x,lh3_x,lh4_x,lh5_x,lh6_x,lh7_x,lh8_x,lh9_x,lh10_x,lh11_x,lh12_x,lh13_x,lh14_x,lh15_x,lh16_x,lh17_x,lh18_x,lh19_x,lh20_x,rh0_x,rh1_x,rh2_x,rh3_x,rh4_x,rh5_x,rh6_x,rh7_x,rh8_x,rh9_x,rh10_x,rh11_x,rh12_x,rh13_x,rh14_x,rh15_x,rh16_x,rh17_x,rh18_x,rh19_x,rh20_x,lh0_y,lh1_y,lh2_y,lh3_y,lh4_y,lh5_y,lh6_y,lh7_y,lh8_y,lh9_y,lh10_y,lh11_y,lh12_y,lh13_y,lh14_y,lh15_y,lh16_y,lh17_y,lh18_y,lh19_y,lh20_y,rh0_y,rh1_y,rh2_y,rh3_y,rh4_y,rh5_y,rh6_y,rh7_y,rh8_y,rh9_y,rh10_y,rh11_y,rh12_y,rh13_y,rh14_y,rh15_y,rh16_y,rh17_y,rh18_y,rh19_y,rh20_y
1110032018.avi,95,522.1539306640625,494.43109130859375,478.4743957519531,468.4076232910156,458.472900390625,497.9976806640625,477.3747253417969,456.6912841796875,442.74957275390625,503.40252685546875,472.36822509765625,448.16876220703125,436.1424255371094,504.731201171875,473.132080078125,449.9542541503906,438.54443359375,503.74249267578125,477.9705810546875,462.6310729980469,455.07513427734375,nan,nan,nan,nan,nan,nan,nan,nan,nan,nan,nan,nan,nan,nan,nan,nan,nan,nan,nan,nan,nan,285.1183776855469,259.4948425292969,233.7929229736328,215.3958740234375,202.225341796875,207.3572235107422,184.240234375,188.20925903320312,197.74505615234375,215.99978637695312,202.97686767578125,210.78358459472656,222.6530303955078,230.3480682373047,221.38722229003906,229.75946044921875,241.71759033203125,248.1516571044922,243.96263122558594,250.06854248046875,258.9730529785156,nan,nan,nan,nan,nan,nan,nan,nan,nan,nan,nan,nan,nan,nan,nan,nan,nan,nan,nan,nan,nan
1110032018.avi,126,547.9462280273438,533.9288940429688,522.6995849609375,514.1289672851562,508.691650390625,534.0637817382812,522.1903686523438,513.2034301757812,508.13690185546875,534.6636352539062,520.1472778320312,510.6358642578125,506.3782043457031,534.3412475585938,519.0599975585938,509.8030090332031,505.9933776855469,532.0289916992188,518.3531494140625,509.96875,505.986572265625,nan,nan,nan,nan,nan,nan,nan,nan,nan,nan,nan,nan,nan,nan,nan,nan,nan,nan,nan,nan,nan,317.2740478515625,319.68084716796875,315.5920104980469,311.8045959472656,307.71734619140625,298.33734130859375,294.9571533203125,297.99346923828125,303.6119689941406,290.17523193359375,287.34991455078125,291.98419189453125,298.4197998046875,283.0245666503906,278.9109191894531,284.5589599609375,291.48614501953125,277.5253601074219,273.1213073730469,276.8261413574219,283.16082763671875,nan,nan,nan,nan,nan,nan,nan,nan,nan,nan,nan,nan,nan,nan,nan,nan,nan,nan,nan,nan,nan
