video,frame_index,lh0_x,lh1_x,lh2_x,lh3_x,lh4_x,lh5_x,lh6_x,lh7_x,lh8_x,lh9_x,lh10_x,lh11_x,lh12_x,lh13_x,lh14_x,lh15_x,lh16_x,lh17_x,lh18_x,lh19_x,lh20_x,rh0_x,rh1_x,rh2_x,rh3_x,rh4_x,rh5_x,rh6_x,rh7_x,rh8_x,rh9_x,rh10_x,rh11_x,rh12_x,rh13_x,rh14_x,rh15_x,rh16_x,rh17_x,rh18_x,rh19_x,rh20_x,lh0_y,lh1_y,lh2_y,lh3_y,lh4_y,lh5_y,lh6_y,lh7_y,lh8_y,lh9_y,lh10_y,lh11_y,lh12_y,lh13_y,lh14_y,lh15_y,lh16_y,lh17_y,lh18_y,lh19_y,lh20_y,rh0_y,rh1_y,rh2_y,rh3_y,rh4_y,rh5_y,rh6_y,rh7_y,rh8_y,rh9_y,rh10_y,rh11_y,rh12_y,rh13_y,rh14_y,rh15_y,rh16_y,rh17_y,rh18_y,rh19_y,rh20_y
2100612042.avi,75,421.19171142578125,428.3610534667969,433.829345703125,434.9681091308594,433.7867431640625,434.7251892089844,435.5001525878906,436.2747497558594,437.1640319824219,432.71832275390625,435.12677001953125,436.0847473144531,436.94970703125,430.466064453125,433.40362548828125,435.0006103515625,436.3705139160156,427.9635925292969,430.56201171875,432.23052978515625,433.85015869140625,nan,nan,nan,nan,nan,nan,nan,nan,nan,nan,nan,nan,nan,nan,nan,nan,nan,nan,nan,nan,nan,272.3082275390625,274.0857238769531,274.2320251464844,277.1988220214844,280.2407531738281,259.2738037109375,248.09103393554688,240.482421875,234.01742553710938,254.1785430908203,242.4639129638672,235.59397888183594,229.6136474609375,250.30337524414062,239.59185791015625,233.27444458007812,227.54856872558594,247.9249267578125,238.87811279296875,233.28952026367188,228.53878784179688,nan,nan,nan,nan,nan,nan,nan,nan,nan,nan,nan,nan,nan,nan,nan,nan,nan,nan,nan,nan,nan
2100612042.avi,174,418.02801513671875,428.03271484375,435.04913330078125,436.59613037109375,434.88360595703125,436.331298828125,438.1082458496094,439.27813720703125,439.99163818359375,432.1069030761719,434.9103088378906,435.59735107421875,435.91986083984375,427.5378723144531,430.05889892578125,431.3526916503906,432.6495056152344,422.4906005859375,423.94281005859375,424.6841735839844,425.578125,nan,nan,nan,nan,nan,nan,nan,nan,nan,nan,nan,nan,nan,nan,nan,nan,nan,nan,nan,nan,nan,272.87408447265625,275.1526184082031,274.75830078125,278.4307556152344,282.4853515625,258.75799560546875,247.71145629882812,240.20018005371094,234.709716796875,253.1384735107422,240.97357177734375,233.8310089111328,228.05055236816406,249.4774169921875,238.2117462158203,231.55638122558594,225.88197326660156,247.76223754882812,238.66986083984375,232.82440185546875,228.18838500976562,nan,nan,nan,nan,nan,nan,nan,nan,nan,nan,nan,nan,nan,nan,nan,nan,nan,nan,nan,nan,nan
