video,frame_index,lh0_x,lh1_x,lh2_x,lh3_x,lh4_x,lh5_x,lh6_x,lh7_x,lh8_x,lh9_x,lh10_x,lh11_x,lh12_x,lh13_x,lh14_x,lh15_x,lh16_x,lh17_x,lh18_x,lh19_x,lh20_x,rh0_x,rh1_x,rh2_x,rh3_x,rh4_x,rh5_x,rh6_x,rh7_x,rh8_x,rh9_x,rh10_x,rh11_x,rh12_x,rh13_x,rh14_x,rh15_x,rh16_x,rh17_x,rh18_x,rh19_x,rh20_x,lh0_y,lh1_y,lh2_y,lh3_y,lh4_y,lh5_y,lh6_y,lh7_y,lh8_y,lh9_y,lh10_y,lh11_y,lh12_y,lh13_y,lh14_y,lh15_y,lh16_y,lh17_y,lh18_y,lh19_y,lh20_y,rh0_y,rh1_y,rh2_y,rh3_y,rh4_y,rh5_y,rh6_y,rh7_y,rh8_y,rh9_y,rh10_y,rh11_y,rh12_y,rh13_y,rh14_y,rh15_y,rh16_y,rh17_y,rh18_y,rh19_y,rh20_y
2100572047.avi,249,330.72076416015625,321.9990234375,307.1791076660156,294.0844421386719,285.7381896972656,285.71728515625,271.78668212890625,274.0029602050781,278.819580078125,282.443359375,268.74755859375,271.79498291015625,276.744384765625,281.8154296875,268.4383544921875,270.9582214355469,275.8066711425781,282.57659912109375,270.9825744628906,271.93719482421875,275.7385559082031,nan,nan,nan,nan,nan,nan,nan,nan,nan,nan,nan,nan,nan,nan,nan,nan,nan,nan,nan,nan,nan,393.0367736816406,378.7961120605469,367.09820556640625,357.08599853515625,349.5981140136719,382.3846130371094,374.9387512207031,369.5323181152344,367.318359375,390.8805236816406,383.4729309082031,378.73956298828125,376.89874267578125,397.5274658203125,391.38494873046875,386.3662414550781,384.266845703125,402.9176940917969,398.1446533203125,393.7926330566406,391.50115966796875,nan,nan,nan,nan,nan,nan,nan,nan,nan,nan,nan,nan,nan,nan,nan,nan,nan,nan,nan,nan,nan
