video,frame_index,lh0_x,lh1_x,lh2_x,lh3_x,lh4_x,lh5_x,lh6_x,lh7_x,lh8_x,lh9_x,lh10_x,lh11_x,lh12_x,lh13_x,lh14_x,lh15_x,lh16_x,lh17_x,lh18_x,lh19_x,lh20_x,rh0_x,rh1_x,rh2_x,rh3_x,rh4_x,rh5_x,rh6_x,rh7_x,rh8_x,rh9_x,rh10_x,rh11_x,rh12_x,rh13_x,rh14_x,rh15_x,rh16_x,rh17_x,rh18_x,rh19_x,rh20_x,lh0_y,lh1_y,lh2_y,lh3_y,lh4_y,lh5_y,lh6_y,lh7_y,lh8_y,lh9_y,lh10_y,lh11_y,lh12_y,lh13_y,lh14_y,lh15_y,lh16_y,lh17_y,lh18_y,lh19_y,lh20_y,rh0_y,rh1_y,rh2_y,rh3_y,rh4_y,rh5_y,rh6_y,rh7_y,rh8_y,rh9_y,rh10_y,rh11_y,rh12_y,rh13_y,rh14_y,rh15_y,rh16_y,rh17_y,rh18_y,rh19_y,rh20_y
5000391019.avi,97,nan,nan,nan,nan,nan,nan,nan,nan,nan,nan,nan,nan,nan,nan,nan,nan,nan,nan,nan,nan,nan,278.76318359375,286.7625732421875,300.3424377441406,313.33416748046875,322.9476318359375,292.4813537597656,303.41864013671875,310.9810485839844,316.1440734863281,289.7826843261719,296.7442626953125,306.358154296875,314.5540771484375,287.8402099609375,297.5425109863281,309.26025390625,318.9535827636719,287.2645263671875,296.6015319824219,306.9714660644531,316.85870361328125,nan,nan,nan,nan,nan,nan,nan,nan,nan,nan,nan,nan,nan,nan,nan,nan,nan,nan,nan,nan,nan,317.1221008300781,299.41656494140625,280.725830078125,266.6948547363281,256.0219421386719,285.56353759765625,274.97344970703125,266.6466369628906,260.3917236328125,299.0371398925781,293.5789489746094,293.3946838378906,294.80377197265625,313.01324462890625,308.7399597167969,309.8704833984375,312.3173828125,325.68035888671875,322.64385986328125,322.34930419921875,322.6568298339844
