video,frame_index,lh0_x,lh1_x,lh2_x,lh3_x,lh4_x,lh5_x,lh6_x,lh7_x,lh8_x,lh9_x,lh10_x,lh11_x,lh12_x,lh13_x,lh14_x,lh15_x,lh16_x,lh17_x,lh18_x,lh19_x,lh20_x,rh0_x,rh1_x,rh2_x,rh3_x,rh4_x,rh5_x,rh6_x,rh7_x,rh8_x,rh9_x,rh10_x,rh11_x,rh12_x,rh13_x,rh14_x,rh15_x,rh16_x,rh17_x,rh18_x,rh19_x,rh20_x,lh0_y,lh1_y,lh2_y,lh3_y,lh4_y,lh5_y,lh6_y,lh7_y,lh8_y,lh9_y,lh10_y,lh11_y,lh12_y,lh13_y,lh14_y,lh15_y,lh16_y,lh17_y,lh18_y,lh19_y,lh20_y,rh0_y,rh1_y,rh2_y,rh3_y,rh4_y,rh5_y,rh6_y,rh7_y,rh8_y,rh9_y,rh10_y,rh11_y,rh12_y,rh13_y,rh14_y,rh15_y,rh16_y,rh17_y,rh18_y,rh19_y,rh20_y
2100612015.avi,196,nan,nan,nan,nan,nan,nan,nan,nan,nan,nan,nan,nan,nan,nan,nan,nan,nan,nan,nan,nan,nan,544.2387084960938,549.03076171875,552.6799926757812,553.6412963867188,554.5838623046875,560.6852416992188,563.5770263671875,562.5498046875,560.798583984375,556.848388671875,559.658935546875,559.0159301757812,557.5687255859375,552.52783203125,555.0888671875,554.8831176757812,553.9262084960938,548.352294921875,550.8672485351562,551.087158203125,550.6844482421875,nan,nan,nan,nan,nan,nan,nan,nan,nan,nan,nan,nan,nan,nan,nan,nan,nan,nan,nan,nan,nan,358.557861328125,363.70489501953125,373.0308837890625,382.1334533691406,389.1554870605469,378.248291015625,389.4965515136719,394.99853515625,398.4290771484375,379.89776611328125,390.31884765625,395.05029296875,398.5166320800781,380.84149169921875,390.01385498046875,394.246337890625,397.59552001953125,381.1863708496094,388.81903076171875,392.4812927246094,395.10064697265625
2100612015.avi,271,nan,nan,nan,nan,nan,nan,nan,nan,nan,nan,nan,nan,nan,nan,nan,nan,nan,nan,nan,nan,nan,126.70587158203125,145.07652282714844,175.8444366455078,206.71852111816406,230.59906005859375,144.48464965820312,187.01788330078125,217.87986755371094,239.67855834960938,141.17770385742188,194.46209716796875,225.57350158691406,241.45843505859375,144.08908081054688,199.90724182128906,230.5679168701172,245.21084594726562,151.90438842773438,199.81997680664062,224.76055908203125,237.94699096679688,nan,nan,nan,nan,nan,nan,nan,nan,nan,nan,nan,nan,nan,nan,nan,nan,nan,nan,nan,nan,nan,449.132080078125,419.4605712890625,395.6564025878906,386.4913635253906,383.3796691894531,391.9095458984375,369.5926513671875,367.2784118652344,369.3619079589844,413.4809265136719,399.7366943359375,409.3867492675781,419.5169677734375,439.0418395996094,427.54254150390625,435.6949462890625,441.7457580566406,465.4593200683594,455.0946350097656,457.5168762207031,458.6339416503906
