video,frame_index,lh0_x,lh1_x,lh2_x,lh3_x,lh4_x,lh5_x,lh6_x,lh7_x,lh8_x,lh9_x,lh10_x,lh11_x,lh12_x,lh13_x,lh14_x,lh15_x,lh16_x,lh17_x,lh18_x,lh19_x,lh20_x,rh0_x,rh1_x,rh2_x,rh3_x,rh4_x,rh5_x,rh6_x,rh7_x,rh8_x,rh9_x,rh10_x,rh11_x,rh12_x,rh13_x,rh14_x,rh15_x,rh16_x,rh17_x,rh18_x,rh19_x,rh20_x,lh0_y,lh1_y,lh2_y,lh3_y,lh4_y,lh5_y,lh6_y,lh7_y,lh8_y,lh9_y,lh10_y,lh11_y,lh12_y,lh13_y,lh14_y,lh15_y,lh16_y,lh17_y,lh18_y,lh19_y,lh20_y,rh0_y,rh1_y,rh2_y,rh3_y,rh4_y,rh5_y,rh6_y,rh7_y,rh8_y,rh9_y,rh10_y,rh11_y,rh12_y,rh13_y,rh14_y,rh15_y,rh16_y,rh17_y,rh18_y,rh19_y,rh20_y
2000541068.avi,75,nan,nan,nan,nan,nan,nan,nan,nan,nan,nan,nan,nan,nan,nan,nan,nan,nan,nan,nan,nan,nan,487.1826477050781,482.1340637207031,475.1538391113281,467.9708251953125,462.1026611328125,478.4804992675781,467.80615234375,460.0928039550781,454.0672302246094,477.79986572265625,466.7811279296875,458.1351013183594,452.990234375,478.5298156738281,468.5752868652344,459.90093994140625,453.7539978027344,479.6706848144531,471.21466064453125,463.9486999511719,457.9217529296875,nan,nan,nan,nan,nan,nan,nan,nan,nan,nan,nan,nan,nan,nan,nan,nan,nan,nan,nan,nan,nan,176.3863067626953,186.9982452392578,197.36097717285156,203.2117156982422,205.46791076660156,185.53604125976562,188.57281494140625,190.24746704101562,192.04208374023438,176.28404235839844,178.21487426757812,180.7747039794922,183.62130737304688,168.49209594726562,170.0191650390625,173.09617614746094,176.24472045898438,162.27069091796875,161.49081420898438,164.62039184570312,168.29539489746094
