video,frame_index,lh0_x,lh1_x,lh2_x,lh3_x,lh4_x,lh5_x,lh6_x,lh7_x,lh8_x,lh9_x,lh10_x,lh11_x,lh12_x,lh13_x,lh14_x,lh15_x,lh16_x,lh17_x,lh18_x,lh19_x,lh20_x,rh0_x,rh1_x,rh2_x,rh3_x,rh4_x,rh5_x,rh6_x,rh7_x,rh8_x,rh9_x,rh10_x,rh11_x,rh12_x,rh13_x,rh14_x,rh15_x,rh16_x,rh17_x,rh18_x,rh19_x,rh20_x,lh0_y,lh1_y,lh2_y,lh3_y,lh4_y,lh5_y,lh6_y,lh7_y,lh8_y,lh9_y,lh10_y,lh11_y,lh12_y,lh13_y,lh14_y,lh15_y,lh16_y,lh17_y,lh18_y,lh19_y,lh20_y,rh0_y,rh1_y,rh2_y,rh3_y,rh4_y,rh5_y,rh6_y,rh7_y,rh8_y,rh9_y,rh10_y,rh11_y,rh12_y,rh13_y,rh14_y,rh15_y,rh16_y,rh17_y,rh18_y,rh19_y,rh20_y
3100821033.avi,18,nan,nan,nan,nan,nan,nan,nan,nan,nan,nan,nan,nan,nan,nan,nan,nan,nan,nan,nan,nan,nan,486.1054992675781,463.0892333984375,449.51300048828125,443.3641052246094,442.39154052734375,481.41302490234375,472.71466064453125,461.9000244140625,453.5074462890625,495.05755615234375,486.04119873046875,474.28924560546875,465.1816101074219,503.8143615722656,495.7095642089844,483.9892578125,474.6638488769531,509.1139221191406,501.6116943359375,492.93267822265625,485.86907958984375,nan,nan,nan,nan,nan,nan,nan,nan,nan,nan,nan,nan,nan,nan,nan,nan,nan,nan,nan,nan,nan,366.1170959472656,350.7403564453125,321.6233825683594,295.58258056640625,277.3542175292969,307.1474609375,273.14361572265625,255.60665893554688,246.5884246826172,305.1158142089844,272.0458984375,255.39883422851562,245.80398559570312,304.1309509277344,273.28240966796875,257.6259460449219,247.20025634765625,304.16143798828125,276.8739013671875,264.0527038574219,256.2740173339844
