video,frame_index,lh0_x,lh1_x,lh2_x,lh3_x,lh4_x,lh5_x,lh6_x,lh7_x,lh8_x,lh9_x,lh10_x,lh11_x,lh12_x,lh13_x,lh14_x,lh15_x,lh16_x,lh17_x,lh18_x,lh19_x,lh20_x,rh0_x,rh1_x,rh2_x,rh3_x,rh4_x,rh5_x,rh6_x,rh7_x,rh8_x,rh9_x,rh10_x,rh11_x,rh12_x,rh13_x,rh14_x,rh15_x,rh16_x,rh17_x,rh18_x,rh19_x,rh20_x,lh0_y,lh1_y,lh2_y,lh3_y,lh4_y,lh5_y,lh6_y,lh7_y,lh8_y,lh9_y,lh10_y,lh11_y,lh12_y,lh13_y,lh14_y,lh15_y,lh16_y,lh17_y,lh18_y,lh19_y,lh20_y,rh0_y,rh1_y,rh2_y,rh3_y,rh4_y,rh5_y,rh6_y,rh7_y,rh8_y,rh9_y,rh10_y,rh11_y,rh12_y,rh13_y,rh14_y,rh15_y,rh16_y,rh17_y,rh18_y,rh19_y,rh20_y
2100612006.avi,70,411.84368896484375,421.16748046875,429.4039611816406,432.63543701171875,433.19708251953125,432.667724609375,436.03692626953125,437.0538635253906,437.6718444824219,429.9053649902344,432.51983642578125,432.5730895996094,432.722900390625,426.1138916015625,428.46905517578125,428.44134521484375,429.2618408203125,421.4322204589844,423.41595458984375,424.0609130859375,424.97357177734375,nan,nan,nan,nan,nan,nan,nan,nan,nan,nan,nan,nan,nan,nan,nan,nan,nan,nan,nan,nan,nan,266.54742431640625,269.9939880371094,270.7112731933594,272.8072204589844,272.0605163574219,258.2621154785156,246.6171112060547,238.42649841308594,231.91282653808594,252.27552795410156,239.18215942382812,230.2927703857422,223.16842651367188,247.75445556640625,235.4257354736328,227.2806396484375,220.9197235107422,244.8086700439453,234.94631958007812,228.25161743164062,223.14610290527344,nan,nan,nan,nan,nan,nan,nan,nan,nan,nan,nan,nan,nan,nan,nan,nan,nan,nan,nan,nan,nan
2100612006.avi,123,nan,nan,nan,nan,nan,nan,nan,nan,nan,nan,nan,nan,nan,nan,nan,nan,nan,nan,nan,nan,nan,411.71502685546875,417.3919372558594,423.1781311035156,425.18670654296875,426.1429443359375,425.97406005859375,429.55450439453125,431.4140319824219,432.304443359375,424.54583740234375,427.95257568359375,429.3846130371094,430.2496643066406,421.6689758300781,424.45501708984375,425.50335693359375,426.5016174316406,417.3431091308594,417.933837890625,418.25054931640625,418.3658447265625,nan,nan,nan,nan,nan,nan,nan,nan,nan,nan,nan,nan,nan,nan,nan,nan,nan,nan,nan,nan,nan,273.85736083984375,272.08868408203125,266.3717956542969,259.48388671875,252.6068115234375,253.7949981689453,242.0664825439453,233.08070373535156,225.7896728515625,251.51014709472656,239.1432647705078,230.11456298828125,222.5865936279297,250.51995849609375,239.01812744140625,231.51626586914062,225.2401123046875,250.58950805664062,241.56320190429688,235.71522521972656,231.12770080566406
