video,frame_index,lh0_x,lh1_x,lh2_x,lh3_x,lh4_x,lh5_x,lh6_x,lh7_x,lh8_x,lh9_x,lh10_x,lh11_x,lh12_x,lh13_x,lh14_x,lh15_x,lh16_x,lh17_x,lh18_x,lh19_x,lh20_x,rh0_x,rh1_x,rh2_x,rh3_x,rh4_x,rh5_x,rh6_x,rh7_x,rh8_x,rh9_x,rh10_x,rh11_x,rh12_x,rh13_x,rh14_x,rh15_x,rh16_x,rh17_x,rh18_x,rh19_x,rh20_x,lh0_y,lh1_y,lh2_y,lh3_y,lh4_y,lh5_y,lh6_y,lh7_y,lh8_y,lh9_y,lh10_y,lh11_y,lh12_y,lh13_y,lh14_y,lh15_y,lh16_y,lh17_y,lh18_y,lh19_y,lh20_y,rh0_y,rh1_y,rh2_y,rh3_y,rh4_y,rh5_y,rh6_y,rh7_y,rh8_y,rh9_y,rh10_y,rh11_y,rh12_y,rh13_y,rh14_y,rh15_y,rh16_y,rh17_y,rh18_y,rh19_y,rh20_y
1100052049.avi,88,205.93084716796875,194.53134155273438,182.61593627929688,176.42225646972656,173.46511840820312,172.9261932373047,171.04653930664062,173.4212646484375,174.09115600585938,180.52584838867188,180.7957763671875,185.85182189941406,188.64134216308594,189.71458435058594,190.13917541503906,194.54969787597656,196.4324188232422,198.96392822265625,198.3579864501953,200.30923461914062,200.8133544921875,nan,nan,nan,nan,nan,nan,nan,nan,nan,nan,nan,nan,nan,nan,nan,nan,nan,nan,nan,nan,nan,250.07684326171875,258.61553955078125,271.3951110839844,286.2646179199219,298.0040283203125,258.03106689453125,278.6275939941406,287.995849609375,292.2264404296875,254.72772216796875,279.6204833984375,284.53759765625,284.3610534667969,254.2046661376953,277.544677734375,280.84869384765625,280.2813720703125,255.83551025390625,273.661865234375,276.65185546875,277.32159423828125,nan,nan,nan,nan,nan,nan,nan,nan,nan,nan,nan,nan,nan,nan,nan,nan,nan,nan,nan,nan,nan
1100052049.avi,145,210.341552734375,198.2228240966797,187.11285400390625,183.19091796875,183.94674682617188,179.17742919921875,176.02267456054688,175.69766235351562,176.24423217773438,184.5620880126953,184.25489807128906,187.2174835205078,189.63336181640625,191.98092651367188,191.36741638183594,193.22915649414062,194.2362060546875,199.62387084960938,198.1358642578125,199.22198486328125,200.02865600585938,nan,nan,nan,nan,nan,nan,nan,nan,nan,nan,nan,nan,nan,nan,nan,nan,nan,nan,nan,nan,nan,245.95516967773438,248.74612426757812,260.12237548828125,273.2439270019531,283.8044128417969,255.95819091796875,276.0416259765625,289.1397705078125,298.8101501464844,256.5615234375,277.4647216796875,282.6339416503906,283.0983581542969,258.5585632324219,277.07354736328125,280.8259582519531,280.5506286621094,261.4575500488281,276.5473937988281,279.59979248046875,279.631591796875,nan,nan,nan,nan,nan,nan,nan,nan,nan,nan,nan,nan,nan,nan,nan,nan,nan,nan,nan,nan,nan
