video,frame_index,lh0_x,lh1_x,lh2_x,lh3_x,lh4_x,lh5_x,lh6_x,lh7_x,lh8_x,lh9_x,lh10_x,lh11_x,lh12_x,lh13_x,lh14_x,lh15_x,lh16_x,lh17_x,lh18_x,lh19_x,lh20_x,rh0_x,rh1_x,rh2_x,rh3_x,rh4_x,rh5_x,rh6_x,rh7_x,rh8_x,rh9_x,rh10_x,rh11_x,rh12_x,rh13_x,rh14_x,rh15_x,rh16_x,rh17_x,rh18_x,rh19_x,rh20_x,lh0_y,lh1_y,lh2_y,lh3_y,lh4_y,lh5_y,lh6_y,lh7_y,lh8_y,lh9_y,lh10_y,lh11_y,lh12_y,lh13_y,lh14_y,lh15_y,lh16_y,lh17_y,lh18_y,lh19_y,lh20_y,rh0_y,rh1_y,rh2_y,rh3_y,rh4_y,rh5_y,rh6_y,rh7_y,rh8_y,rh9_y,rh10_y,rh11_y,rh12_y,rh13_y,rh14_y,rh15_y,rh16_y,rh17_y,rh18_y,rh19_y,rh20_y
4140810217.avi,39,nan,nan,nan,nan,nan,nan,nan,nan,nan,nan,nan,nan,nan,nan,nan,nan,nan,nan,nan,nan,nan,321.69439697265625,318.215087890625,321.95806884765625,325.40576171875,327.4688415527344,343.468017578125,372.0025634765625,384.8944091796875,391.181640625,352.8761291503906,382.0364685058594,390.7994384765625,392.5859375,359.737060546875,384.77239990234375,392.986083984375,394.1898193359375,365.24609375,384.8486022949219,393.2136535644531,396.8176574707031,nan,nan,nan,nan,nan,nan,nan,nan,nan,nan,nan,nan,nan,nan,nan,nan,nan,nan,nan,nan,nan,459.1544189453125,427.6109924316406,394.2749328613281,371.0169677734375,357.5322570800781,400.14312744140625,392.8287048339844,385.1209716796875,378.3807067871094,418.453369140625,412.5417785644531,411.6940002441406,412.0077209472656,437.2904357910156,432.3918762207031,431.87359619140625,432.92327880859375,454.7666320800781,451.6883544921875,450.8839111328125,451.591552734375
