video,frame_index,lh0_x,lh1_x,lh2_x,lh3_x,lh4_x,lh5_x,lh6_x,lh7_x,lh8_x,lh9_x,lh10_x,lh11_x,lh12_x,lh13_x,lh14_x,lh15_x,lh16_x,lh17_x,lh18_x,lh19_x,lh20_x,rh0_x,rh1_x,rh2_x,rh3_x,rh4_x,rh5_x,rh6_x,rh7_x,rh8_x,rh9_x,rh10_x,rh11_x,rh12_x,rh13_x,rh14_x,rh15_x,rh16_x,rh17_x,rh18_x,rh19_x,rh20_x,lh0_y,lh1_y,lh2_y,lh3_y,lh4_y,lh5_y,lh6_y,lh7_y,lh8_y,lh9_y,lh10_y,lh11_y,lh12_y,lh13_y,lh14_y,lh15_y,lh16_y,lh17_y,lh18_y,lh19_y,lh20_y,rh0_y,rh1_y,rh2_y,rh3_y,rh4_y,rh5_y,rh6_y,rh7_y,rh8_y,rh9_y,rh10_y,rh11_y,rh12_y,rh13_y,rh14_y,rh15_y,rh16_y,rh17_y,rh18_y,rh19_y,rh20_y
3100731012.avi,72,nan,nan,nan,nan,nan,nan,nan,nan,nan,nan,nan,nan,nan,nan,nan,nan,nan,nan,nan,nan,nan,126.05919647216797,137.96067810058594,157.75083923339844,172.96353149414062,184.66783142089844,164.46275329589844,182.74154663085938,197.3063507080078,208.66578674316406,164.49441528320312,183.05844116210938,197.6730499267578,210.70086669921875,163.93104553222656,182.35049438476562,196.1323699951172,208.59970092773438,162.47381591796875,177.38604736328125,188.33335876464844,198.13316345214844,nan,nan,nan,nan,nan,nan,nan,nan,nan,nan,nan,nan,nan,nan,nan,nan,nan,nan,nan,nan,nan,424.40869140625,430.74151611328125,433.07501220703125,432.54937744140625,431.7023620605469,428.2503356933594,424.6541442871094,421.1394348144531,417.49908447265625,424.4361267089844,420.16552734375,416.42401123046875,412.8316650390625,420.8355712890625,417.9490051269531,415.327880859375,412.4380187988281,417.6041564941406,416.6606750488281,415.96063232421875,415.4259338378906
