video,frame_index,lh0_x,lh1_x,lh2_x,lh3_x,lh4_x,lh5_x,lh6_x,lh7_x,lh8_x,lh9_x,lh10_x,lh11_x,lh12_x,lh13_x,lh14_x,lh15_x,lh16_x,lh17_x,lh18_x,lh19_x,lh20_x,rh0_x,rh1_x,rh2_x,rh3_x,rh4_x,rh5_x,rh6_x,rh7_x,rh8_x,rh9_x,rh10_x,rh11_x,rh12_x,rh13_x,rh14_x,rh15_x,rh16_x,rh17_x,rh18_x,rh19_x,rh20_x,lh0_y,lh1_y,lh2_y,lh3_y,lh4_y,lh5_y,lh6_y,lh7_y,lh8_y,lh9_y,lh10_y,lh11_y,lh12_y,lh13_y,lh14_y,lh15_y,lh16_y,lh17_y,lh18_y,lh19_y,lh20_y,rh0_y,rh1_y,rh2_y,rh3_y,rh4_y,rh5_y,rh6_y,rh7_y,rh8_y,rh9_y,rh10_y,rh11_y,rh12_y,rh13_y,rh14_y,rh15_y,rh16_y,rh17_y,rh18_y,rh19_y,rh20_y
5564630143.avi,48,nan,nan,nan,nan,nan,nan,nan,nan,nan,nan,nan,nan,nan,nan,nan,nan,nan,nan,nan,nan,nan,319.6875305175781,317.7822570800781,311.6709899902344,307.74566650390625,307.2078857421875,288.1186828613281,273.5693054199219,276.87890625,282.41058349609375,286.5536804199219,274.2983093261719,277.956298828125,283.81298828125,287.4168395996094,276.99285888671875,280.45574951171875,285.73760986328125,289.680419921875,281.3987121582031,283.5366516113281,287.7535705566406,nan,nan,nan,nan,nan,nan,nan,nan,nan,nan,nan,nan,nan,nan,nan,nan,nan,nan,nan,nan,nan,430.97076416015625,444.1256408691406,457.0882568359375,468.0722961425781,477.765380859375,452.4446105957031,458.2528076171875,458.7406005859375,456.364013671875,444.4159851074219,450.62188720703125,451.2200927734375,449.48663330078125,437.0937805175781,443.1559753417969,444.2640380859375,443.54107666015625,430.5074462890625,436.516845703125,438.3487548828125,438.39202880859375
5564630143.avi,150,nan,nan,nan,nan,nan,nan,nan,nan,nan,nan,nan,nan,nan,nan,nan,nan,nan,nan,nan,nan,nan,310.7668762207031,307.9676513671875,302.19122314453125,298.34222412109375,296.1694641113281,289.5364685058594,274.2358703613281,264.99591064453125,257.9793701171875,286.6759033203125,271.9935302734375,263.18939208984375,256.9969177246094,285.486083984375,273.67608642578125,265.9918518066406,260.6319580078125,285.08935546875,277.1114807128906,271.79949951171875,268.1885986328125,nan,nan,nan,nan,nan,nan,nan,nan,nan,nan,nan,nan,nan,nan,nan,nan,nan,nan,nan,nan,nan,431.8633117675781,445.0382385253906,458.755615234375,469.3270263671875,477.76690673828125,453.6527404785156,459.7898254394531,461.2970886230469,461.56756591796875,447.12127685546875,453.5669860839844,456.4414367675781,458.0798645019531,440.9751892089844,447.3262023925781,451.20416259765625,453.558837890625,435.2342224121094,441.0147705078125,444.521728515625,447.12371826171875
