video,frame_index,lh0_x,lh1_x,lh2_x,lh3_x,lh4_x,lh5_x,lh6_x,lh7_x,lh8_x,lh9_x,lh10_x,lh11_x,lh12_x,lh13_x,lh14_x,lh15_x,lh16_x,lh17_x,lh18_x,lh19_x,lh20_x,rh0_x,rh1_x,rh2_x,rh3_x,rh4_x,rh5_x,rh6_x,rh7_x,rh8_x,rh9_x,rh10_x,rh11_x,rh12_x,rh13_x,rh14_x,rh15_x,rh16_x,rh17_x,rh18_x,rh19_x,rh20_x,lh0_y,lh1_y,lh2_y,lh3_y,lh4_y,lh5_y,lh6_y,lh7_y,lh8_y,lh9_y,lh10_y,lh11_y,lh12_y,lh13_y,lh14_y,lh15_y,lh16_y,lh17_y,lh18_y,lh19_y,lh20_y,rh0_y,rh1_y,rh2_y,rh3_y,rh4_y,rh5_y,rh6_y,rh7_y,rh8_y,rh9_y,rh10_y,rh11_y,rh12_y,rh13_y,rh14_y,rh15_y,rh16_y,rh17_y,rh18_y,rh19_y,rh20_y
3100782008.avi,107,nan,nan,nan,nan,nan,nan,nan,nan,nan,nan,nan,nan,nan,nan,nan,nan,nan,nan,nan,nan,nan,465.8299255371094,441.1692810058594,424.9429016113281,417.5975036621094,412.97979736328125,458.4825134277344,444.70684814453125,427.92474365234375,414.747802734375,470.8828125,457.6903991699219,441.1844482421875,427.6527099609375,477.7814025878906,465.5102844238281,450.2465515136719,437.8518371582031,480.62054443359375,469.5916748046875,457.98614501953125,448.40045166015625,nan,nan,nan,nan,nan,nan,nan,nan,nan,nan,nan,nan,nan,nan,nan,nan,nan,nan,nan,nan,nan,356.1224670410156,346.6912841796875,321.6924743652344,297.4506530761719,280.83001708984375,301.7784729003906,273.7350769042969,264.4763488769531,263.0245361328125,298.5714416503906,272.3214111328125,262.8031921386719,260.3216857910156,297.2546691894531,272.4432373046875,263.8744812011719,260.8227844238281,297.04412841796875,274.9175720214844,266.1767578125,262.32708740234375
