video,frame_index,lh0_x,lh1_x,lh2_x,lh3_x,lh4_x,lh5_x,lh6_x,lh7_x,lh8_x,lh9_x,lh10_x,lh11_x,lh12_x,lh13_x,lh14_x,lh15_x,lh16_x,lh17_x,lh18_x,lh19_x,lh20_x,rh0_x,rh1_x,rh2_x,rh3_x,rh4_x,rh5_x,rh6_x,rh7_x,rh8_x,rh9_x,rh10_x,rh11_x,rh12_x,rh13_x,rh14_x,rh15_x,rh16_x,rh17_x,rh18_x,rh19_x,rh20_x,lh0_y,lh1_y,lh2_y,lh3_y,lh4_y,lh5_y,lh6_y,lh7_y,lh8_y,lh9_y,lh10_y,lh11_y,lh12_y,lh13_y,lh14_y,lh15_y,lh16_y,lh17_y,lh18_y,lh19_y,lh20_y,rh0_y,rh1_y,rh2_y,rh3_y,rh4_y,rh5_y,rh6_y,rh7_y,rh8_y,rh9_y,rh10_y,rh11_y,rh12_y,rh13_y,rh14_y,rh15_y,rh16_y,rh17_y,rh18_y,rh19_y,rh20_y
1100022054.avi,165,196.31729125976562,181.69232177734375,166.4705810546875,156.0762481689453,148.67453002929688,149.2207489013672,146.86329650878906,156.28045654296875,161.6326904296875,155.39097595214844,156.2608184814453,165.13563537597656,169.22003173828125,164.01040649414062,165.31341552734375,173.32180786132812,176.80955505371094,173.40902709960938,174.4436492919922,180.24774169921875,182.60140991210938,nan,nan,nan,nan,nan,nan,nan,nan,nan,nan,nan,nan,nan,nan,nan,nan,nan,nan,nan,nan,nan,368.4541015625,384.402099609375,396.59271240234375,405.5355529785156,413.06524658203125,378.4534606933594,406.89080810546875,408.8838806152344,403.2831726074219,373.841064453125,405.48834228515625,406.4181213378906,400.84503173828125,371.80230712890625,401.588134765625,400.9322814941406,394.8266296386719,371.6575927734375,396.1177978515625,395.3625793457031,389.4615478515625,nan,nan,nan,nan,nan,nan,nan,nan,nan,nan,nan,nan,nan,nan,nan,nan,nan,nan,nan,nan,nan
1100022054.avi,189,193.00453186035156,177.10546875,162.3721466064453,154.66940307617188,152.2953643798828,151.45782470703125,146.80532836914062,151.12469482421875,153.63121032714844,158.16397094726562,155.90301513671875,160.37686157226562,162.33670043945312,166.52879333496094,164.20095825195312,167.88775634765625,169.357177734375,174.8284912109375,172.0552978515625,174.8061981201172,176.06594848632812,nan,nan,nan,nan,nan,nan,nan,nan,nan,nan,nan,nan,nan,nan,nan,nan,nan,nan,nan,nan,nan,365.76837158203125,369.08880615234375,380.5867919921875,394.61090087890625,406.16302490234375,376.603515625,400.0184020996094,404.510498046875,402.8991394042969,377.9227600097656,401.9217529296875,403.9507751464844,400.798828125,380.484619140625,401.46124267578125,402.1329650878906,398.4194641113281,383.7917175292969,400.8518371582031,400.7867126464844,397.2705383300781,nan,nan,nan,nan,nan,nan,nan,nan,nan,nan,nan,nan,nan,nan,nan,nan,nan,nan,nan,nan,nan
