video,frame_index,lh0_x,lh1_x,lh2_x,lh3_x,lh4_x,lh5_x,lh6_x,lh7_x,lh8_x,lh9_x,lh10_x,lh11_x,lh12_x,lh13_x,lh14_x,lh15_x,lh16_x,lh17_x,lh18_x,lh19_x,lh20_x,rh0_x,rh1_x,rh2_x,rh3_x,rh4_x,rh5_x,rh6_x,rh7_x,rh8_x,rh9_x,rh10_x,rh11_x,rh12_x,rh13_x,rh14_x,rh15_x,rh16_x,rh17_x,rh18_x,rh19_x,rh20_x,lh0_y,lh1_y,lh2_y,lh3_y,lh4_y,lh5_y,lh6_y,lh7_y,lh8_y,lh9_y,lh10_y,lh11_y,lh12_y,lh13_y,lh14_y,lh15_y,lh16_y,lh17_y,lh18_y,lh19_y,lh20_y,rh0_y,rh1_y,rh2_y,rh3_y,rh4_y,rh5_y,rh6_y,rh7_y,rh8_y,rh9_y,rh10_y,rh11_y,rh12_y,rh13_y,rh14_y,rh15_y,rh16_y,rh17_y,rh18_y,rh19_y,rh20_y
5000392003.avi,238,387.55810546875,378.8614196777344,369.4912109375,362.8978271484375,360.59423828125,386.76611328125,372.096435546875,360.97418212890625,352.16705322265625,390.60662841796875,369.8919982910156,355.4105224609375,346.2960205078125,392.58087158203125,371.9898681640625,358.181396484375,348.1881408691406,392.9663391113281,375.1933288574219,364.5405578613281,356.349853515625,nan,nan,nan,nan,nan,nan,nan,nan,nan,nan,nan,nan,nan,nan,nan,nan,nan,nan,nan,nan,nan,302.49578857421875,274.6730041503906,251.45799255371094,234.08197021484375,220.05172729492188,254.9988250732422,248.7705841064453,248.9464111328125,248.6064453125,268.677001953125,263.42889404296875,264.0861511230469,266.328857421875,282.02593994140625,275.6932067871094,273.86871337890625,274.8290100097656,294.6623229980469,289.35882568359375,286.7904968261719,285.6890869140625,nan,nan,nan,nan,nan,nan,nan,nan,nan,nan,nan,nan,nan,nan,nan,nan,nan,nan,nan,nan,nan
