video,frame_index,lh0_x,lh1_x,lh2_x,lh3_x,lh4_x,lh5_x,lh6_x,lh7_x,lh8_x,lh9_x,lh10_x,lh11_x,lh12_x,lh13_x,lh14_x,lh15_x,lh16_x,lh17_x,lh18_x,lh19_x,lh20_x,rh0_x,rh1_x,rh2_x,rh3_x,rh4_x,rh5_x,rh6_x,rh7_x,rh8_x,rh9_x,rh10_x,rh11_x,rh12_x,rh13_x,rh14_x,rh15_x,rh16_x,rh17_x,rh18_x,rh19_x,rh20_x,lh0_y,lh1_y,lh2_y,lh3_y,lh4_y,lh5_y,lh6_y,lh7_y,lh8_y,lh9_y,lh10_y,lh11_y,lh12_y,lh13_y,lh14_y,lh15_y,lh16_y,lh17_y,lh18_y,lh19_y,lh20_y,rh0_y,rh1_y,rh2_y,rh3_y,rh4_y,rh5_y,rh6_y,rh7_y,rh8_y,rh9_y,rh10_y,rh11_y,rh12_y,rh13_y,rh14_y,rh15_y,rh16_y,rh17_y,rh18_y,rh19_y,rh20_y
1100022020.avi,257,199.40249633789062,183.4520263671875,166.85589599609375,158.3346710205078,153.98736572265625,152.58802795410156,147.3844757080078,152.30572509765625,155.677734375,159.5535888671875,158.4720916748047,165.37428283691406,168.85923767089844,168.99786376953125,167.6899871826172,173.99862670898438,176.87574768066406,178.67977905273438,176.61927795410156,181.380126953125,183.91876220703125,nan,nan,nan,nan,nan,nan,nan,nan,nan,nan,nan,nan,nan,nan,nan,nan,nan,nan,nan,nan,nan,366.3377380371094,372.601806640625,384.6506042480469,398.5041809082031,410.4195861816406,376.3806457519531,401.4368896484375,407.62908935546875,406.9106750488281,375.3255615234375,401.7131652832031,403.3960876464844,399.3122863769531,375.86407470703125,399.86383056640625,400.09814453125,395.6806945800781,377.6325378417969,397.5929260253906,396.41229248046875,391.16229248046875,nan,nan,nan,nan,nan,nan,nan,nan,nan,nan,nan,nan,nan,nan,nan,nan,nan,nan,nan,nan,nan
