video,frame_index,lh0_x,lh1_x,lh2_x,lh3_x,lh4_x,lh5_x,lh6_x,lh7_x,lh8_x,lh9_x,lh10_x,lh11_x,lh12_x,lh13_x,lh14_x,lh15_x,lh16_x,lh17_x,lh18_x,lh19_x,lh20_x,rh0_x,rh1_x,rh2_x,rh3_x,rh4_x,rh5_x,rh6_x,rh7_x,rh8_x,rh9_x,rh10_x,rh11_x,rh12_x,rh13_x,rh14_x,rh15_x,rh16_x,rh17_x,rh18_x,rh19_x,rh20_x,lh0_y,lh1_y,lh2_y,lh3_y,lh4_y,lh5_y,lh6_y,lh7_y,lh8_y,lh9_y,lh10_y,lh11_y,lh12_y,lh13_y,lh14_y,lh15_y,lh16_y,lh17_y,lh18_y,lh19_y,lh20_y,rh0_y,rh1_y,rh2_y,rh3_y,rh4_y,rh5_y,rh6_y,rh7_y,rh8_y,rh9_y,rh10_y,rh11_y,rh12_y,rh13_y,rh14_y,rh15_y,rh16_y,rh17_y,rh18_y,rh19_y,rh20_y
3100821057.avi,234,nan,nan,nan,nan,nan,nan,nan,nan,nan,nan,nan,nan,nan,nan,nan,nan,nan,nan,nan,nan,nan,188.87197875976562,209.27871704101562,227.93601989746094,240.52804565429688,249.60975646972656,233.17665100097656,249.31195068359375,261.27789306640625,268.20965576171875,230.55136108398438,248.07737731933594,258.69158935546875,264.38037109375,226.0679931640625,243.456787109375,253.7254180908203,259.44891357421875,219.90899658203125,234.34075927734375,243.78170776367188,250.0012969970703,nan,nan,nan,nan,nan,nan,nan,nan,nan,nan,nan,nan,nan,nan,nan,nan,nan,nan,nan,nan,nan,392.6444396972656,395.26910400390625,394.3051452636719,395.71209716796875,396.64190673828125,373.4085693359375,370.86822509765625,377.9286193847656,385.8287048339844,370.2554016113281,368.4293212890625,377.0483703613281,386.68133544921875,369.8282165527344,369.90655517578125,378.5360107421875,387.5273742675781,372.53289794921875,375.03607177734375,381.3281555175781,387.97601318359375
