video,frame_index,lh0_x,lh1_x,lh2_x,lh3_x,lh4_x,lh5_x,lh6_x,lh7_x,lh8_x,lh9_x,lh10_x,lh11_x,lh12_x,lh13_x,lh14_x,lh15_x,lh16_x,lh17_x,lh18_x,lh19_x,lh20_x,rh0_x,rh1_x,rh2_x,rh3_x,rh4_x,rh5_x,rh6_x,rh7_x,rh8_x,rh9_x,rh10_x,rh11_x,rh12_x,rh13_x,rh14_x,rh15_x,rh16_x,rh17_x,rh18_x,rh19_x,rh20_x,lh0_y,lh1_y,lh2_y,lh3_y,lh4_y,lh5_y,lh6_y,lh7_y,lh8_y,lh9_y,lh10_y,lh11_y,lh12_y,lh13_y,lh14_y,lh15_y,lh16_y,lh17_y,lh18_y,lh19_y,lh20_y,rh0_y,rh1_y,rh2_y,rh3_y,rh4_y,rh5_y,rh6_y,rh7_y,rh8_y,rh9_y,rh10_y,rh11_y,rh12_y,rh13_y,rh14_y,rh15_y,rh16_y,rh17_y,rh18_y,rh19_y,rh20_y
3100642063.avi,150,51.456947326660156,83.37820434570312,129.1256866455078,166.73301696777344,191.7245330810547,142.4444580078125,191.29415893554688,223.55027770996094,248.66619873046875,137.8433380126953,183.8206787109375,198.67361450195312,208.37924194335938,128.32411193847656,170.87852478027344,173.37405395507812,170.86862182617188,117.56381225585938,151.87054443359375,156.37904357910156,155.37623596191406,nan,nan,nan,nan,nan,nan,nan,nan,nan,nan,nan,nan,nan,nan,nan,nan,nan,nan,nan,nan,nan,70.56144714355469,89.08125305175781,94.5287094116211,90.361572265625,75.20719146728516,92.0679931640625,86.17462158203125,78.84821319580078,71.92144012451172,72.07160186767578,59.35185623168945,48.866268157958984,43.58875274658203,50.090484619140625,35.686336517333984,25.808303833007812,22.326862335205078,29.57145118713379,16.794862747192383,9.630575180053711,6.586790084838867,nan,nan,nan,nan,nan,nan,nan,nan,nan,nan,nan,nan,nan,nan,nan,nan,nan,nan,nan,nan,nan
