video,frame_index,lh0_x,lh1_x,lh2_x,lh3_x,lh4_x,lh5_x,lh6_x,lh7_x,lh8_x,lh9_x,lh10_x,lh11_x,lh12_x,lh13_x,lh14_x,lh15_x,lh16_x,lh17_x,lh18_x,lh19_x,lh20_x,rh0_x,rh1_x,rh2_x,rh3_x,rh4_x,rh5_x,rh6_x,rh7_x,rh8_x,rh9_x,rh10_x,rh11_x,rh12_x,rh13_x,rh14_x,rh15_x,rh16_x,rh17_x,rh18_x,rh19_x,rh20_x,lh0_y,lh1_y,lh2_y,lh3_y,lh4_y,lh5_y,lh6_y,lh7_y,lh8_y,lh9_y,lh10_y,lh11_y,lh12_y,lh13_y,lh14_y,lh15_y,lh16_y,lh17_y,lh18_y,lh19_y,lh20_y,rh0_y,rh1_y,rh2_y,rh3_y,rh4_y,rh5_y,rh6_y,rh7_y,rh8_y,rh9_y,rh10_y,rh11_y,rh12_y,rh13_y,rh14_y,rh15_y,rh16_y,rh17_y,rh18_y,rh19_y,rh20_y
240846024.avi,13,472.1296691894531,472.50360107421875,461.0232849121094,440.59185791015625,422.10919189453125,471.4056701660156,443.70953369140625,426.5048828125,415.295166015625,468.0552978515625,416.61639404296875,399.9380187988281,400.314208984375,458.802490234375,404.4132995605469,399.445556640625,410.7840270996094,446.81689453125,400.28289794921875,397.2044372558594,407.970703125,nan,nan,nan,nan,nan,nan,nan,nan,nan,nan,nan,nan,nan,nan,nan,nan,nan,nan,nan,nan,nan,505.2893371582031,470.0925598144531,430.4467468261719,401.2084655761719,382.7452697753906,400.7873840332031,359.9920654296875,335.4539489746094,316.8248291015625,411.8675537109375,377.3870544433594,391.3500671386719,404.4284362792969,429.4848327636719,409.113037109375,426.2252502441406,436.2508544921875,449.8661193847656,436.0693664550781,447.8140869140625,456.0110168457031,nan,nan,nan,nan,nan,nan,nan,nan,nan,nan,nan,nan,nan,nan,nan,nan,nan,nan,nan,nan,nan
240846024.avi,48,468.72314453125,434.4207458496094,423.76812744140625,422.2175598144531,424.4760437011719,468.199951171875,442.52001953125,417.47259521484375,402.4759521484375,482.4390869140625,444.9386291503906,417.603759765625,403.14031982421875,490.6555480957031,452.317138671875,426.1831970214844,410.9162902832031,493.4161682128906,456.9805603027344,432.6272277832031,415.9823303222656,nan,nan,nan,nan,nan,nan,nan,nan,nan,nan,nan,nan,nan,nan,nan,nan,nan,nan,nan,nan,nan,475.35546875,431.4332580566406,395.97998046875,372.41802978515625,354.60504150390625,350.185791015625,324.7262268066406,327.59014892578125,336.59375,357.9206237792969,332.0386962890625,342.09930419921875,357.05792236328125,372.9716491699219,348.1399230957031,358.14080810546875,372.1665344238281,394.47833251953125,384.450927734375,390.9452209472656,400.2931213378906,nan,nan,nan,nan,nan,nan,nan,nan,nan,nan,nan,nan,nan,nan,nan,nan,nan,nan,nan,nan,nan
